gene,mean_abs_shap
G6993,0.3512984
G4480,0.3319593
G2951,0.28922755
G400,0.23034492
G3611,0.20490828
G3560,0.19138889
G1446,0.12975723
G3939,0.1235909
G4457,0.118877426
G1561,0.11796711
G2048,0.10858271
G5925,0.10518364
G5750,0.10254498
G3819,0.096648365
G5789,0.09200743
G7438,0.08975086
G7597,0.08919702
G5601,0.0868905
G7845,0.08556974
G1018,0.08554733
G1825,0.08356576
G2840,0.08299624
G6471,0.08170964
G6409,0.074524105
G2639,0.07420299
G7975,0.071858816
G5208,0.06880142
G7639,0.0686581
G1876,0.06629141
G3870,0.06605293
G608,0.062031627
G6676,0.06168883
G3877,0.057955693
G5959,0.05482942
G5963,0.052621394
G1003,0.051904846
G6105,0.050990887
G2651,0.04920661
G2776,0.046337385
G4660,0.044362098
G2936,0.04358688
G875,0.042664368
G2396,0.04158462
G3472,0.04080568
G7787,0.037934437
G2219,0.037917115
G743,0.037186295
G497,0.03706157
G1124,0.03701051
G5526,0.036072068
G6050,0.03603862
G5866,0.03471587
G6740,0.034364972
G1820,0.03330514
G1010,0.032194205
G3977,0.03130757
G7819,0.031038776
G5764,0.030283313
G7412,0.030180663
G6635,0.029591715
G4690,0.029241908
G4091,0.028959375
G2212,0.028669555
G5087,0.028613562
G5676,0.027139332
G3183,0.02684378
G2693,0.026366463
G6453,0.026157767
G6965,0.026024872
G939,0.025280308
G2190,0.025208125
G2,0.024195809
G3194,0.023670454
G7213,0.023410693
G7247,0.022658886
G3721,0.022622257
G7286,0.022293609
G3457,0.022241088
G7479,0.02176797
G4810,0.021758087
G838,0.02149997
G2053,0.021446303
G4839,0.021406274
G3049,0.021400187
G6866,0.021155763
G3124,0.020742077
G2874,0.020552393
G7208,0.020305976
G963,0.02001209
G6979,0.019219432
G4634,0.018963363
G4978,0.018756153
G3895,0.018518617
G6789,0.01815753
G4915,0.018016113
G2646,0.017831985
G6244,0.01696963
G6051,0.016957175
G2247,0.016857196
G384,0.016815487
G1203,0.016795244
G2600,0.016751487
G2097,0.016405592
G6670,0.016307224
G6833,0.016242582
G51,0.015753195
G981,0.01574012
G1075,0.015474652
G719,0.0152919395
G1474,0.015122442
G1911,0.015105951
G621,0.015027953
G3541,0.014746544
G481,0.014489626
G7466,0.014483089
G3967,0.014397496
G7806,0.013965948
G6402,0.013965349
G4317,0.013779241
G5820,0.0136096
G5581,0.012986541
G2322,0.012901813
G7855,0.012829632
G4642,0.012826428
G118,0.012758392
G6925,0.012701484
G4608,0.012540264
G7332,0.012310264
G2056,0.012208434
G4503,0.012200681
G586,0.012138771
G7784,0.011954002
G647,0.011917173
G765,0.011914706
G6592,0.011726295
G3006,0.01170529
G2005,0.011611012
G4165,0.011603714
G4816,0.011409315
G4467,0.0113300765
G5045,0.011295334
G512,0.011241465
G866,0.011153656
G5022,0.011122255
G6112,0.011056336
G6093,0.010944399
G5580,0.010925488
G2187,0.010814668
G5841,0.010783966
G4726,0.010765549
G2123,0.010599267
G1174,0.01059896
G2520,0.010595224
G3736,0.01057137
G7885,0.010496939
G3408,0.010491701
G7884,0.010390373
G4065,0.010376511
G4245,0.010297412
G4664,0.010231803
G4316,0.010168191
G6577,0.010120628
G5464,0.010007201
G5506,0.0099740205
G439,0.009912869
G3559,0.009876548
G1094,0.009852922
G7608,0.009852846
G1211,0.009763861
G1898,0.009761827
G4947,0.009743741
G1111,0.009683205
G731,0.009678003
G793,0.009667926
G2919,0.0096524265
G6281,0.009638852
G3749,0.009594695
G7465,0.009572474
G6516,0.009568656
G5597,0.00956781
G3739,0.009567505
G5036,0.0095333345
G2418,0.009522544
G6081,0.00951734
G6850,0.009505117
G1520,0.009488078
G7981,0.009470666
G7512,0.00944249
G2803,0.009417523
G1412,0.009408214
G5143,0.009369294
G6643,0.009317509
G5687,0.009303805
G3226,0.009297794
G6283,0.00927336
G2446,0.0092368
G6346,0.009208177
G5381,0.009204096
G6506,0.009198468
G3979,0.009051638
G5276,0.009050933
G7877,0.009045187
G5608,0.009011069
G309,0.009007243
G1098,0.008969623
G3918,0.008920653
G3096,0.008896972
G2690,0.008770117
G3907,0.008766929
G220,0.008766667
G272,0.008676028
G7818,0.008657467
G1274,0.008623308
G4589,0.008592415
G5549,0.0085616615
G6665,0.0085059395
G6970,0.008471122
G7426,0.008401869
G530,0.008393066
G1641,0.008383615
G565,0.008371437
G6611,0.008222601
G5613,0.008221946
G285,0.0082187895
G331,0.008203488
G5378,0.008193454
G3385,0.008178158
G4243,0.008144874
G1619,0.008114777
G68,0.008037317
G7463,0.00803064
G7460,0.008017825
G1044,0.008015132
G3722,0.007994195
G6092,0.007962325
G4557,0.00794335
G4622,0.007916839
G1971,0.007898508
G3755,0.007863074
G2512,0.007840793
G5460,0.007803132
G3924,0.00777589
G3797,0.007760334
G3992,0.007732211
G7087,0.0077152015
G148,0.007707824
G5010,0.0076991804
G2715,0.007686858
G7096,0.007678597
G5399,0.007674145
G7392,0.0076689036
G630,0.0076551093
G2950,0.007643494
G5430,0.00764172
G4771,0.0076389997
G7305,0.007637734
G5496,0.0075706905
G294,0.0075481855
G6048,0.007520139
G263,0.007481995
G4593,0.0074754795
G2698,0.0074751736
G5887,0.00747478
G1723,0.007463851
G5681,0.0074285567
G2173,0.007391704
G6263,0.0073726317
G4042,0.00736762
G4751,0.0072903335
G7626,0.0072597726
G7258,0.007257083
G2746,0.007255148
G5469,0.0072461227
G1209,0.0072436244
G4143,0.0072426484
G1058,0.0072379773
G2256,0.0071979426
G5705,0.0071917386
G820,0.0071908003
G1451,0.0071731815
G6917,0.007160361
G2799,0.0071511925
G6258,0.00714558
G6165,0.0071331775
G4517,0.0070725926
G578,0.0070642484
G7033,0.007045768
G2745,0.0070256977
G1160,0.007010238
G5500,0.0069966353
G1268,0.006981723
G4204,0.006968641
G557,0.0069656745
G3465,0.0069527463
G4695,0.006934685
G6061,0.006932486
G6145,0.0069231256
G6710,0.006903497
G2189,0.0069034672
G207,0.006881366
G55,0.006870934
G5900,0.0068503357
G5678,0.0068415264
G5300,0.0067856438
G4904,0.006783028
G1362,0.0067750327
G3883,0.006767326
G6352,0.006751849
G1925,0.0067449785
G6949,0.006740088
G6791,0.006729886
G3085,0.0067260102
G884,0.0067005693
G7598,0.0066891075
G6686,0.006654422
G505,0.0066407113
G2034,0.006639599
G1928,0.0066395737
G5650,0.0066116937
G1516,0.0065830005
G1462,0.0065689282
G2259,0.006568688
G7415,0.006542924
G6400,0.0065427525
G6709,0.006510915
G420,0.0064988164
G307,0.006497563
G6932,0.0064974083
G5237,0.0064737843
G1957,0.006468753
G1068,0.006414546
G7052,0.0064059137
G6673,0.0063740723
G6697,0.0063727796
G153,0.0063695004
G389,0.006360215
G3365,0.0063212784
G5136,0.006297624
G1103,0.0062755025
G3968,0.00626192
G6420,0.006253904
G2092,0.006250873
G3473,0.0062350514
G3647,0.006197489
G74,0.006182739
G4488,0.0061732475
G7226,0.006159986
G7950,0.0061598937
G3803,0.006150839
G447,0.0061414437
G335,0.00611659
G7299,0.0061110603
G7925,0.006106467
G1728,0.0060750237
G2087,0.006059455
G4650,0.0060310243
G4944,0.006026052
G6817,0.006009616
G7447,0.006007373
G2793,0.006003474
G2914,0.005987199
G430,0.005976977
G2302,0.0059646848
G4471,0.005960052
G5662,0.005954962
G6446,0.005946587
G1377,0.005915632
G256,0.0058582714
G1498,0.0058535594
G4681,0.0058522252
G2998,0.005845654
G7776,0.005839492
G7661,0.005838208
G5871,0.0058338074
G6998,0.005826119
G5118,0.0058228644
G41,0.0058048433
G3836,0.0057532876
G843,0.005751594
G4211,0.0057431487
G404,0.0057425024
G2847,0.00573692
G3463,0.005688241
G194,0.005682845
G2509,0.0056719845
G2927,0.005669873
G1833,0.005649087
G56,0.0056474875
G2151,0.0056446753
G310,0.0056299497
G7681,0.0056242845
G2126,0.005624073
G6089,0.0056204684
G7042,0.0056130625
G3304,0.005601722
G4302,0.005584684
G5831,0.005573244
G4482,0.0055727176
G346,0.005569099
G7224,0.0055344077
G1458,0.005527333
G4516,0.005513832
G3812,0.005471505
G1281,0.0054684915
G1789,0.0054412885
G93,0.0054390547
G5314,0.0054377154
G6796,0.0054363986
G4962,0.005426171
G166,0.0054253824
G7504,0.0054216483
G1506,0.0053952024
G7113,0.0053789495
G6305,0.0053737555
G1988,0.005332242
G669,0.0053116605
G1287,0.0052936105
G2519,0.0052932356
G7524,0.0052747186
G2135,0.0052468614
G5536,0.0052350215
G4078,0.0052336934
G727,0.005232999
G7263,0.0052200602
G3419,0.005219084
G7441,0.005204812
G4344,0.0051964847
G7670,0.0051941965
G1862,0.005161115
G3999,0.0051552826
G7318,0.0051249485
G5513,0.0051032365
G4803,0.0050961957
G1487,0.005024507
G231,0.005015442
G7532,0.004997927
G6084,0.0049974704
G6533,0.004978762
G5754,0.0049517127
G7533,0.004949753
G6298,0.004947263
G1875,0.004926849
G3668,0.004911765
G4995,0.004910148
G4946,0.004898218
G1954,0.0048877285
G784,0.0048807664
G3538,0.004871802
G1483,0.004869598
G2466,0.004848059
G5974,0.004839503
G5615,0.004795145
G110,0.004748939
G3871,0.0047153244
G3966,0.0047074207
G3016,0.0047020474
G1773,0.004677952
G1970,0.0046409117
G6235,0.004610909
G5214,0.0046068425
G6445,0.004604875
G2228,0.0046005407
G4966,0.0045984876
G150,0.0045906305
G7743,0.004575395
G3189,0.0045621684
G1585,0.004511413
G4858,0.0044911173
G46,0.004481727
G7984,0.004476997
G5155,0.0044638747
G2706,0.0044628466
G6137,0.004410912
G6208,0.0044048326
G5486,0.004391296
G3821,0.0043859123
G235,0.00436449
G84,0.0043471786
G2441,0.0043382007
G7456,0.004324982
G5679,0.0042658923
G853,0.004231766
G2689,0.0042182687
G2369,0.004216019
G5997,0.004202927
G1947,0.0041909246
G2058,0.0041874135
G1016,0.004182023
G6454,0.004171771
G7759,0.004145337
G6131,0.0041431217
G2808,0.0041394955
G7801,0.0041231997
G2152,0.004122471
G3651,0.0041029975
G4603,0.0040925317
G6000,0.0040896484
G133,0.004086391
G4429,0.004041056
G7307,0.0040374673
G3869,0.0040055607
G5358,0.003936642
G7279,0.003920681
G7747,0.0039131045
G917,0.0039078994
G1343,0.0039032842
G1138,0.0038608077
G3492,0.0038538699
G5996,0.0038508617
G7918,0.0038212459
G44,0.0038196903
G4101,0.0037957877
G1932,0.0037779503
G545,0.0037434683
G3429,0.0037430718
G2408,0.0037231017
G5417,0.0037129882
G649,0.0036940712
G5914,0.0036845126
G3273,0.0036640577
G6924,0.0036603347
G7047,0.003653982
G5704,0.003645949
G333,0.0036344156
G6266,0.0036337879
G4897,0.003624137
G374,0.0035744284
G7816,0.0035623345
G8,0.0035570848
G4228,0.0035376449
G7443,0.00352801
G683,0.0035030297
G3717,0.0035003875
G11,0.003492153
G160,0.0034701372
G3329,0.0034543336
G7824,0.0034275786
G7499,0.0034160637
G7629,0.0033238989
G2521,0.003305653
G2941,0.003289779
G2994,0.0032563196
G7992,0.0032489747
G5980,0.0032300383
G5144,0.0032156198
G3101,0.0031927936
G4918,0.0031766582
G7827,0.0031087962
G31,0.0030703326
G2085,0.003052023
G737,0.0030480688
G2897,0.0030313558
G5324,0.0030138772
G343,0.002970885
G7717,0.0028345583
G1652,0.002763427
G1868,0.0027349086
G3178,0.0027274278
G2419,0.002690367
G6838,0.002637878
G3788,0.0025976098
G6540,0.002498334
G595,0.0024781232
G4508,0.0024153548
G3244,0.002401369
G186,0.0023822745
G2737,0.0023626941
G742,0.0023056348
G798,0.0022527871
G1275,0.0022382052
G3682,0.0022244016
G94,0.0022181503
G3232,0.0021786948
G5,0.00210369
G109,0.002088834
G6312,0.0019510327
G180,0.0018549567
G1535,0.001788567
G5986,0.0017723115
G30,0.001742282
G6376,0.0017265506
G2423,0.0016996019
G4180,0.0016870098
G1642,0.0016711603
G5846,0.0015978804
G1391,0.0015766576
G188,0.0015744282
G111,0.0015551888
G90,0.0014840921
G3750,0.0014767388
G291,0.0012905938
G5206,0.0
G5416,0.0
G5415,0.0
G5211,0.0
G5209,0.0
G5210,0.0
G5178,0.0
G5414,0.0
G5448,0.0
G5207,0.0
G5449,0.0
G5413,0.0
G5193,0.0
G5412,0.0
G5411,0.0
G5395,0.0
G5396,0.0
G5452,0.0
G5397,0.0
G5221,0.0
G5220,0.0
G5451,0.0
G5398,0.0
G5219,0.0
G5218,0.0
G5176,0.0
G5400,0.0
G5401,0.0
G5217,0.0
G5402,0.0
G5403,0.0
G5177,0.0
G5404,0.0
G5405,0.0
G5450,0.0
G5406,0.0
G5216,0.0
G5215,0.0
G5407,0.0
G5408,0.0
G5213,0.0
G5212,0.0
G5409,0.0
G5410,0.0
G5179,0.0
G5185,0.0
G5180,0.0
G5429,0.0
G5426,0.0
G5199,0.0
G5427,0.0
G5428,0.0
G5440,0.0
G5190,0.0
G5439,0.0
G5198,0.0
G5438,0.0
G5393,0.0
G5437,0.0
G5197,0.0
G5425,0.0
G5191,0.0
G5436,0.0
G5196,0.0
G5195,0.0
G5194,0.0
G5431,0.0
G5432,0.0
G5435,0.0
G5434,0.0
G5433,0.0
G5192,0.0
G5200,0.0
G5201,0.0
G5181,0.0
G5446,0.0
G5182,0.0
G5183,0.0
G5447,0.0
G5205,0.0
G5184,0.0
G5204,0.0
G5418,0.0
G5419,0.0
G5203,0.0
G5202,0.0
G5186,0.0
G5187,0.0
G5441,0.0
G5420,0.0
G5445,0.0
G5444,0.0
G5188,0.0
G5421,0.0
G5189,0.0
G5422,0.0
G5443,0.0
G5423,0.0
G5442,0.0
G5424,0.0
G5394,0.0
G5312,0.0
G5392,0.0
G5284,0.0
G5275,0.0
G5338,0.0
G5337,0.0
G5336,0.0
G5335,0.0
G5334,0.0
G5277,0.0
G5333,0.0
G5278,0.0
G5279,0.0
G5280,0.0
G5281,0.0
G5332,0.0
G5331,0.0
G5282,0.0
G5283,0.0
G5330,0.0
G5339,0.0
G5274,0.0
G5273,0.0
G5345,0.0
G5349,0.0
G5348,0.0
G5266,0.0
G5267,0.0
G5347,0.0
G5346,0.0
G5268,0.0
G5269,0.0
G5340,0.0
G5270,0.0
G5344,0.0
G5271,0.0
G5343,0.0
G5342,0.0
G5341,0.0
G5272,0.0
G5329,0.0
G5285,0.0
G5391,0.0
G5328,0.0
G5297,0.0
G5298,0.0
G5299,0.0
G5317,0.0
G5301,0.0
G5302,0.0
G5316,0.0
G5303,0.0
G5315,0.0
G5304,0.0
G5305,0.0
G5306,0.0
G5307,0.0
G5308,0.0
G5309,0.0
G5313,0.0
G5310,0.0
G5318,0.0
G5319,0.0
G5320,0.0
G5322,0.0
G5327,0.0
G5286,0.0
G5326,0.0
G5287,0.0
G5325,0.0
G5323,0.0
G5288,0.0
G5289,0.0
G5296,0.0
G5290,0.0
G5291,0.0
G5292,0.0
G5293,0.0
G5321,0.0
G5294,0.0
G5295,0.0
G5265,0.0
G5264,0.0
G5350,0.0
G5351,0.0
G5233,0.0
G5234,0.0
G5235,0.0
G5380,0.0
G5379,0.0
G5236,0.0
G5377,0.0
G5238,0.0
G5376,0.0
G5239,0.0
G5375,0.0
G5240,0.0
G5374,0.0
G5311,0.0
G5242,0.0
G5373,0.0
G5243,0.0
G5232,0.0
G5231,0.0
G5230,0.0
G5386,0.0
G5390,0.0
G5389,0.0
G5388,0.0
G5222,0.0
G5387,0.0
G5223,0.0
G5224,0.0
G5385,0.0
G5382,0.0
G5225,0.0
G5226,0.0
G5227,0.0
G5228,0.0
G5384,0.0
G5383,0.0
G5229,0.0
G5372,0.0
G5371,0.0
G5370,0.0
G5258,0.0
G5254,0.0
G5255,0.0
G5357,0.0
G5356,0.0
G5355,0.0
G5256,0.0
G5257,0.0
G5259,0.0
G5359,0.0
G5260,0.0
G5261,0.0
G5262,0.0
G5354,0.0
G5353,0.0
G5352,0.0
G5263,0.0
G5253,0.0
G5360,0.0
G5369,0.0
G5365,0.0
G5368,0.0
G5244,0.0
G5245,0.0
G5367,0.0
G5366,0.0
G5246,0.0
G5247,0.0
G5248,0.0
G5252,0.0
G5364,0.0
G5249,0.0
G5363,0.0
G5362,0.0
G5250,0.0
G5251,0.0
G5361,0.0
G5241,0.0
G0,0.0
G5453,0.0
G5774,0.0
G5785,0.0
G5784,0.0
G5783,0.0
G5782,0.0
G5781,0.0
G5780,0.0
G5779,0.0
G5778,0.0
G5777,0.0
G5776,0.0
G5775,0.0
G5773,0.0
G5787,0.0
G5772,0.0
G5771,0.0
G5770,0.0
G5769,0.0
G5768,0.0
G5767,0.0
G5766,0.0
G5765,0.0
G5763,0.0
G5762,0.0
G5761,0.0
G5786,0.0
G5788,0.0
G5759,0.0
G5803,0.0
G5814,0.0
G5813,0.0
G5812,0.0
G5811,0.0
G5810,0.0
G5809,0.0
G5808,0.0
G5807,0.0
G5806,0.0
G5805,0.0
G5804,0.0
G5802,0.0
G5790,0.0
G5801,0.0
G5800,0.0
G5799,0.0
G5798,0.0
G5797,0.0
G5796,0.0
G5795,0.0
G5794,0.0
G5793,0.0
G5792,0.0
G5791,0.0
G5760,0.0
G5758,0.0
G5454,0.0
G5715,0.0
G5726,0.0
G5725,0.0
G5724,0.0
G5723,0.0
G5722,0.0
G5721,0.0
G5720,0.0
G5719,0.0
G5718,0.0
G5717,0.0
G5716,0.0
G5714,0.0
G5728,0.0
G5713,0.0
G5712,0.0
G5711,0.0
G5710,0.0
G5709,0.0
G5708,0.0
G5707,0.0
G5706,0.0
G5703,0.0
G5702,0.0
G5701,0.0
G5727,0.0
G5729,0.0
G5757,0.0
G5743,0.0
G5756,0.0
G5755,0.0
G5753,0.0
G5752,0.0
G5751,0.0
G5749,0.0
G5748,0.0
G5747,0.0
G5746,0.0
G5745,0.0
G5744,0.0
G5742,0.0
G5730,0.0
G5741,0.0
G5740,0.0
G5739,0.0
G5738,0.0
G5737,0.0
G5736,0.0
G5735,0.0
G5734,0.0
G5733,0.0
G5732,0.0
G5731,0.0
G5815,0.0
G5816,0.0
G5817,0.0
G5893,0.0
G5905,0.0
G5904,0.0
G5903,0.0
G5902,0.0
G5901,0.0
G5899,0.0
G5898,0.0
G5897,0.0
G5896,0.0
G5895,0.0
G5894,0.0
G5892,0.0
G5907,0.0
G5891,0.0
G5890,0.0
G5889,0.0
G5888,0.0
G5886,0.0
G5885,0.0
G5884,0.0
G5883,0.0
G5882,0.0
G5881,0.0
G5880,0.0
G5906,0.0
G5908,0.0
G5818,0.0
G5923,0.0
G5935,0.0
G5934,0.0
G5933,0.0
G5932,0.0
G5931,0.0
G5930,0.0
G5929,0.0
G5928,0.0
G5927,0.0
G5926,0.0
G5924,0.0
G5922,0.0
G5909,0.0
G5921,0.0
G5920,0.0
G5919,0.0
G5918,0.0
G5917,0.0
G5916,0.0
G5915,0.0
G5913,0.0
G5912,0.0
G5911,0.0
G5910,0.0
G5879,0.0
G5878,0.0
G5877,0.0
G5833,0.0
G5845,0.0
G5844,0.0
G5843,0.0
G5842,0.0
G5840,0.0
G5839,0.0
G5838,0.0
G5837,0.0
G5836,0.0
G5835,0.0
G5834,0.0
G5832,0.0
G5876,0.0
G5830,0.0
G5829,0.0
G5828,0.0
G5827,0.0
G5826,0.0
G5825,0.0
G5824,0.0
G5823,0.0
G5822,0.0
G5821,0.0
G5819,0.0
G5847,0.0
G5848,0.0
G5849,0.0
G5850,0.0
G5875,0.0
G5874,0.0
G5873,0.0
G5872,0.0
G5870,0.0
G5869,0.0
G5868,0.0
G5867,0.0
G5865,0.0
G5864,0.0
G5863,0.0
G5862,0.0
G5861,0.0
G5860,0.0
G5859,0.0
G5858,0.0
G5857,0.0
G5856,0.0
G5855,0.0
G5854,0.0
G5853,0.0
G5852,0.0
G5851,0.0
G5700,0.0
G5699,0.0
G5698,0.0
G5531,0.0
G5543,0.0
G5542,0.0
G5541,0.0
G5540,0.0
G5539,0.0
G5538,0.0
G5537,0.0
G5535,0.0
G5534,0.0
G5533,0.0
G5532,0.0
G5530,0.0
G5545,0.0
G5529,0.0
G5528,0.0
G5527,0.0
G5525,0.0
G5524,0.0
G5523,0.0
G5522,0.0
G5521,0.0
G5520,0.0
G5519,0.0
G5518,0.0
G5544,0.0
G5546,0.0
G5574,0.0
G5561,0.0
G5572,0.0
G5571,0.0
G5570,0.0
G5569,0.0
G5568,0.0
G5567,0.0
G5566,0.0
G5565,0.0
G5564,0.0
G5563,0.0
G5562,0.0
G5560,0.0
G5547,0.0
G5559,0.0
G5558,0.0
G5557,0.0
G5556,0.0
G5555,0.0
G5554,0.0
G5553,0.0
G5552,0.0
G5551,0.0
G5550,0.0
G5548,0.0
G5517,0.0
G5516,0.0
G5515,0.0
G5470,0.0
G5481,0.0
G5480,0.0
G5479,0.0
G5478,0.0
G5477,0.0
G5476,0.0
G5475,0.0
G5474,0.0
G5473,0.0
G5472,0.0
G5471,0.0
G5468,0.0
G5514,0.0
G5467,0.0
G5466,0.0
G5465,0.0
G5463,0.0
G5462,0.0
G5461,0.0
G5459,0.0
G5458,0.0
G5457,0.0
G5456,0.0
G5455,0.0
G5482,0.0
G5483,0.0
G5484,0.0
G5485,0.0
G5512,0.0
G5511,0.0
G5510,0.0
G5509,0.0
G5508,0.0
G5507,0.0
G5505,0.0
G5504,0.0
G5503,0.0
G5502,0.0
G5501,0.0
G5499,0.0
G5498,0.0
G5497,0.0
G5495,0.0
G5494,0.0
G5493,0.0
G5492,0.0
G5491,0.0
G5490,0.0
G5489,0.0
G5488,0.0
G5487,0.0
G5573,0.0
G5575,0.0
G5697,0.0
G5651,0.0
G5663,0.0
G5661,0.0
G5660,0.0
G5659,0.0
G5658,0.0
G5657,0.0
G5656,0.0
G5655,0.0
G5654,0.0
G5653,0.0
G5652,0.0
G5649,0.0
G5665,0.0
G5648,0.0
G5647,0.0
G5646,0.0
G5645,0.0
G5644,0.0
G5643,0.0
G5642,0.0
G5641,0.0
G5640,0.0
G5639,0.0
G5638,0.0
G5664,0.0
G5666,0.0
G5576,0.0
G5684,0.0
G5696,0.0
G5695,0.0
G5694,0.0
G5693,0.0
G5692,0.0
G5691,0.0
G5690,0.0
G5689,0.0
G5688,0.0
G5686,0.0
G5685,0.0
G5683,0.0
G5667,0.0
G5682,0.0
G5680,0.0
G5677,0.0
G5675,0.0
G5674,0.0
G5673,0.0
G5672,0.0
G5671,0.0
G5670,0.0
G5669,0.0
G5668,0.0
G5637,0.0
G5636,0.0
G5635,0.0
G5590,0.0
G5603,0.0
G5602,0.0
G5600,0.0
G5599,0.0
G5598,0.0
G5596,0.0
G5595,0.0
G5594,0.0
G5593,0.0
G5592,0.0
G5591,0.0
G5589,0.0
G5634,0.0
G5588,0.0
G5587,0.0
G5586,0.0
G5585,0.0
G5584,0.0
G5583,0.0
G5582,0.0
G5174,0.0
G5579,0.0
G5578,0.0
G5577,0.0
G5604,0.0
G5605,0.0
G5606,0.0
G5607,0.0
G5633,0.0
G5632,0.0
G5631,0.0
G5630,0.0
G5629,0.0
G5628,0.0
G5627,0.0
G5626,0.0
G5625,0.0
G5624,0.0
G5623,0.0
G5622,0.0
G5621,0.0
G5620,0.0
G5619,0.0
G5618,0.0
G5617,0.0
G5616,0.0
G5614,0.0
G5612,0.0
G5611,0.0
G5610,0.0
G5609,0.0
G5175,0.0
G5030,0.0
G5173,0.0
G4486,0.0
G4499,0.0
G4498,0.0
G4497,0.0
G4496,0.0
G4495,0.0
G4494,0.0
G4493,0.0
G4492,0.0
G4491,0.0
G4490,0.0
G4489,0.0
G4487,0.0
G4485,0.0
G4501,0.0
G4484,0.0
G4483,0.0
G4481,0.0
G4479,0.0
G4478,0.0
G4477,0.0
G4476,0.0
G4475,0.0
G4474,0.0
G4473,0.0
G4472,0.0
G4470,0.0
G4500,0.0
G4502,0.0
G4535,0.0
G4521,0.0
G4533,0.0
G4532,0.0
G4531,0.0
G4530,0.0
G4529,0.0
G4528,0.0
G4527,0.0
G4526,0.0
G4525,0.0
G4524,0.0
G4523,0.0
G4522,0.0
G4520,0.0
G4504,0.0
G4519,0.0
G4518,0.0
G4515,0.0
G4514,0.0
G4513,0.0
G4512,0.0
G4511,0.0
G4510,0.0
G4509,0.0
G4507,0.0
G4506,0.0
G4505,0.0
G4469,0.0
G4468,0.0
G4466,0.0
G4421,0.0
G4434,0.0
G4433,0.0
G4432,0.0
G4431,0.0
G4430,0.0
G4428,0.0
G4427,0.0
G4426,0.0
G4425,0.0
G4424,0.0
G4423,0.0
G4422,0.0
G4420,0.0
G4465,0.0
G4419,0.0
G4418,0.0
G4417,0.0
G4416,0.0
G4415,0.0
G4414,0.0
G4413,0.0
G4412,0.0
G4411,0.0
G4410,0.0
G4409,0.0
G4408,0.0
G4435,0.0
G4436,0.0
G4437,0.0
G4438,0.0
G4464,0.0
G4463,0.0
G4462,0.0
G4461,0.0
G4460,0.0
G4459,0.0
G4458,0.0
G4456,0.0
G4455,0.0
G4454,0.0
G4453,0.0
G4452,0.0
G4451,0.0
G4450,0.0
G4449,0.0
G4448,0.0
G4447,0.0
G4446,0.0
G4445,0.0
G4444,0.0
G4443,0.0
G4442,0.0
G4441,0.0
G4440,0.0
G4439,0.0
G4534,0.0
G4536,0.0
G4406,0.0
G4615,0.0
G4628,0.0
G4627,0.0
G4626,0.0
G4625,0.0
G4624,0.0
G4623,0.0
G4621,0.0
G4620,0.0
G4619,0.0
G4618,0.0
G4617,0.0
G4616,0.0
G4614,0.0
G4630,0.0
G4613,0.0
G4612,0.0
G4611,0.0
G4610,0.0
G4609,0.0
G4607,0.0
G4606,0.0
G4605,0.0
G4604,0.0
G4602,0.0
G4601,0.0
G4600,0.0
G4629,0.0
G4631,0.0
G4537,0.0
G4648,0.0
G4662,0.0
G4661,0.0
G4659,0.0
G4658,0.0
G4657,0.0
G4656,0.0
G4655,0.0
G4654,0.0
G4653,0.0
G4652,0.0
G4651,0.0
G4649,0.0
G4647,0.0
G4632,0.0
G4646,0.0
G4645,0.0
G4644,0.0
G4643,0.0
G4641,0.0
G4640,0.0
G4639,0.0
G4638,0.0
G4637,0.0
G4636,0.0
G4635,0.0
G4633,0.0
G4599,0.0
G4598,0.0
G4597,0.0
G4551,0.0
G4564,0.0
G4563,0.0
G4562,0.0
G4561,0.0
G4560,0.0
G4559,0.0
G4558,0.0
G4556,0.0
G4555,0.0
G4554,0.0
G4553,0.0
G4552,0.0
G4550,0.0
G4596,0.0
G4549,0.0
G4548,0.0
G4547,0.0
G4546,0.0
G4545,0.0
G4544,0.0
G4543,0.0
G4542,0.0
G4541,0.0
G4540,0.0
G4539,0.0
G4538,0.0
G4565,0.0
G4566,0.0
G4567,0.0
G4568,0.0
G4595,0.0
G4594,0.0
G4592,0.0
G4591,0.0
G4590,0.0
G4588,0.0
G4587,0.0
G4586,0.0
G4585,0.0
G4584,0.0
G4583,0.0
G4582,0.0
G4581,0.0
G4580,0.0
G4579,0.0
G4578,0.0
G4577,0.0
G4576,0.0
G4575,0.0
G4574,0.0
G4573,0.0
G4572,0.0
G4571,0.0
G4570,0.0
G4569,0.0
G4407,0.0
G4405,0.0
G4665,0.0
G4236,0.0
G4250,0.0
G4249,0.0
G4248,0.0
G4247,0.0
G4246,0.0
G4244,0.0
G4242,0.0
G4241,0.0
G4240,0.0
G4239,0.0
G4238,0.0
G4237,0.0
G4235,0.0
G4252,0.0
G4234,0.0
G4233,0.0
G4232,0.0
G4231,0.0
G4230,0.0
G4229,0.0
G4227,0.0
G4226,0.0
G4225,0.0
G4224,0.0
G4223,0.0
G4222,0.0
G4251,0.0
G4253,0.0
G4282,0.0
G4268,0.0
G4280,0.0
G4279,0.0
G4278,0.0
G4277,0.0
G4276,0.0
G4275,0.0
G4274,0.0
G4273,0.0
G4272,0.0
G4271,0.0
G4270,0.0
G4269,0.0
G4267,0.0
G4254,0.0
G4266,0.0
G4265,0.0
G4264,0.0
G4263,0.0
G4262,0.0
G4261,0.0
G4260,0.0
G4259,0.0
G4258,0.0
G4257,0.0
G4256,0.0
G4255,0.0
G4221,0.0
G4220,0.0
G4219,0.0
G4173,0.0
G4186,0.0
G4185,0.0
G4184,0.0
G4183,0.0
G4182,0.0
G4181,0.0
G4179,0.0
G4178,0.0
G4177,0.0
G4176,0.0
G4175,0.0
G4174,0.0
G4172,0.0
G4218,0.0
G4171,0.0
G4170,0.0
G4169,0.0
G4168,0.0
G4167,0.0
G4166,0.0
G4164,0.0
G4163,0.0
G4162,0.0
G4161,0.0
G4160,0.0
G4159,0.0
G4187,0.0
G4188,0.0
G4189,0.0
G4190,0.0
G4217,0.0
G4216,0.0
G4215,0.0
G4214,0.0
G4213,0.0
G4212,0.0
G4210,0.0
G4209,0.0
G4208,0.0
G4207,0.0
G4206,0.0
G4205,0.0
G4203,0.0
G4202,0.0
G4201,0.0
G4200,0.0
G4199,0.0
G4198,0.0
G4197,0.0
G4196,0.0
G4195,0.0
G4194,0.0
G4193,0.0
G4192,0.0
G4191,0.0
G4281,0.0
G4283,0.0
G4404,0.0
G4361,0.0
G4373,0.0
G4372,0.0
G4371,0.0
G4370,0.0
G4369,0.0
G4368,0.0
G4367,0.0
G4366,0.0
G4365,0.0
G4364,0.0
G4363,0.0
G4362,0.0
G4360,0.0
G4375,0.0
G4359,0.0
G4358,0.0
G4357,0.0
G4356,0.0
G4355,0.0
G4354,0.0
G4353,0.0
G4352,0.0
G4351,0.0
G4350,0.0
G4349,0.0
G4348,0.0
G4374,0.0
G4376,0.0
G4284,0.0
G4391,0.0
G4403,0.0
G4402,0.0
G4401,0.0
G4400,0.0
G4399,0.0
G4398,0.0
G4397,0.0
G4396,0.0
G4395,0.0
G4394,0.0
G4393,0.0
G4392,0.0
G4390,0.0
G4377,0.0
G4389,0.0
G4388,0.0
G4387,0.0
G4386,0.0
G4385,0.0
G4384,0.0
G4383,0.0
G4382,0.0
G4381,0.0
G4380,0.0
G4379,0.0
G4378,0.0
G4347,0.0
G4346,0.0
G4345,0.0
G4298,0.0
G4311,0.0
G4310,0.0
G4309,0.0
G4308,0.0
G4307,0.0
G4306,0.0
G4305,0.0
G4304,0.0
G4303,0.0
G4301,0.0
G4300,0.0
G4299,0.0
G4297,0.0
G4343,0.0
G4296,0.0
G4295,0.0
G4294,0.0
G4293,0.0
G4292,0.0
G4291,0.0
G4290,0.0
G4289,0.0
G4288,0.0
G4287,0.0
G4286,0.0
G4285,0.0
G4312,0.0
G4313,0.0
G4314,0.0
G4315,0.0
G4342,0.0
G4341,0.0
G4340,0.0
G4339,0.0
G4338,0.0
G4337,0.0
G4336,0.0
G4335,0.0
G4334,0.0
G4333,0.0
G4332,0.0
G4331,0.0
G4330,0.0
G4329,0.0
G4328,0.0
G4327,0.0
G4326,0.0
G4325,0.0
G4324,0.0
G4323,0.0
G4322,0.0
G4321,0.0
G4320,0.0
G4319,0.0
G4318,0.0
G4663,0.0
G4666,0.0
G5172,0.0
G5000,0.0
G5013,0.0
G5012,0.0
G5011,0.0
G5009,0.0
G5008,0.0
G5007,0.0
G5006,0.0
G5005,0.0
G5004,0.0
G5003,0.0
G5002,0.0
G5001,0.0
G4999,0.0
G5015,0.0
G4998,0.0
G4997,0.0
G4996,0.0
G4994,0.0
G4993,0.0
G4992,0.0
G4991,0.0
G4990,0.0
G4989,0.0
G4988,0.0
G4987,0.0
G4986,0.0
G5014,0.0
G5016,0.0
G5048,0.0
G5032,0.0
G5046,0.0
G5044,0.0
G5043,0.0
G5042,0.0
G5041,0.0
G5040,0.0
G5039,0.0
G5038,0.0
G5037,0.0
G5035,0.0
G5034,0.0
G5033,0.0
G5031,0.0
G5017,0.0
G5937,0.0
G5029,0.0
G5028,0.0
G5027,0.0
G5026,0.0
G5025,0.0
G5024,0.0
G5023,0.0
G5021,0.0
G5020,0.0
G5019,0.0
G5018,0.0
G4985,0.0
G4984,0.0
G4983,0.0
G4934,0.0
G4949,0.0
G4948,0.0
G4945,0.0
G4943,0.0
G4942,0.0
G4941,0.0
G4940,0.0
G4939,0.0
G4938,0.0
G4937,0.0
G4936,0.0
G4935,0.0
G4933,0.0
G4982,0.0
G4932,0.0
G4931,0.0
G4930,0.0
G4929,0.0
G4928,0.0
G4927,0.0
G4926,0.0
G4925,0.0
G4924,0.0
G4923,0.0
G4922,0.0
G4921,0.0
G4950,0.0
G4951,0.0
G4952,0.0
G4953,0.0
G4981,0.0
G4980,0.0
G4979,0.0
G4977,0.0
G4976,0.0
G4975,0.0
G4974,0.0
G4973,0.0
G4972,0.0
G4971,0.0
G4970,0.0
G4969,0.0
G4968,0.0
G4967,0.0
G4965,0.0
G4964,0.0
G4963,0.0
G4961,0.0
G4960,0.0
G4959,0.0
G4958,0.0
G4957,0.0
G4956,0.0
G4955,0.0
G4954,0.0
G5047,0.0
G5049,0.0
G4919,0.0
G5125,0.0
G5138,0.0
G5137,0.0
G5135,0.0
G5134,0.0
G5133,0.0
G5132,0.0
G5131,0.0
G5130,0.0
G5129,0.0
G5128,0.0
G5127,0.0
G5126,0.0
G5124,0.0
G5140,0.0
G5123,0.0
G5122,0.0
G5121,0.0
G5120,0.0
G5119,0.0
G5117,0.0
G5116,0.0
G5115,0.0
G5114,0.0
G5113,0.0
G5112,0.0
G5111,0.0
G5139,0.0
G5141,0.0
G5050,0.0
G5159,0.0
G5171,0.0
G5170,0.0
G5169,0.0
G5168,0.0
G5167,0.0
G5166,0.0
G5165,0.0
G5164,0.0
G5163,0.0
G5162,0.0
G5161,0.0
G5160,0.0
G5158,0.0
G5142,0.0
G5157,0.0
G5156,0.0
G5154,0.0
G5153,0.0
G5152,0.0
G5151,0.0
G5150,0.0
G5149,0.0
G5148,0.0
G5147,0.0
G5146,0.0
G5145,0.0
G5110,0.0
G5109,0.0
G5108,0.0
G5064,0.0
G5076,0.0
G5075,0.0
G5074,0.0
G5073,0.0
G5072,0.0
G5071,0.0
G5070,0.0
G5069,0.0
G5068,0.0
G5067,0.0
G5066,0.0
G5065,0.0
G5063,0.0
G5107,0.0
G5062,0.0
G5061,0.0
G5060,0.0
G5059,0.0
G5058,0.0
G5057,0.0
G5056,0.0
G5055,0.0
G5054,0.0
G5053,0.0
G5052,0.0
G5051,0.0
G5077,0.0
G5078,0.0
G5079,0.0
G5080,0.0
G5106,0.0
G5105,0.0
G5104,0.0
G5103,0.0
G5102,0.0
G5101,0.0
G5100,0.0
G5099,0.0
G5098,0.0
G5097,0.0
G5096,0.0
G5095,0.0
G5094,0.0
G5093,0.0
G5092,0.0
G5091,0.0
G5090,0.0
G5089,0.0
G5088,0.0
G5086,0.0
G5085,0.0
G5084,0.0
G5083,0.0
G5082,0.0
G5081,0.0
G4920,0.0
G4917,0.0
G4667,0.0
G4744,0.0
G4757,0.0
G4756,0.0
G4755,0.0
G4754,0.0
G4753,0.0
G4752,0.0
G4750,0.0
G4749,0.0
G4748,0.0
G4747,0.0
G4746,0.0
G4745,0.0
G4743,0.0
G4759,0.0
G4742,0.0
G4741,0.0
G4740,0.0
G4739,0.0
G4738,0.0
G4737,0.0
G4736,0.0
G4735,0.0
G4734,0.0
G4733,0.0
G4732,0.0
G4731,0.0
G4758,0.0
G4760,0.0
G4790,0.0
G4776,0.0
G4788,0.0
G4787,0.0
G4786,0.0
G4785,0.0
G4784,0.0
G4783,0.0
G4782,0.0
G4781,0.0
G4780,0.0
G4779,0.0
G4778,0.0
G4777,0.0
G4775,0.0
G4761,0.0
G4774,0.0
G4773,0.0
G4772,0.0
G4770,0.0
G4769,0.0
G4768,0.0
G4767,0.0
G4766,0.0
G4765,0.0
G4764,0.0
G4763,0.0
G4762,0.0
G4730,0.0
G4729,0.0
G4728,0.0
G4682,0.0
G4696,0.0
G4694,0.0
G4693,0.0
G4692,0.0
G4691,0.0
G4689,0.0
G4688,0.0
G4687,0.0
G4686,0.0
G4685,0.0
G4684,0.0
G4683,0.0
G4680,0.0
G4727,0.0
G4679,0.0
G4678,0.0
G4677,0.0
G4676,0.0
G4675,0.0
G4674,0.0
G4673,0.0
G4672,0.0
G4671,0.0
G4670,0.0
G4669,0.0
G4668,0.0
G4697,0.0
G4698,0.0
G4699,0.0
G4700,0.0
G4725,0.0
G4724,0.0
G4723,0.0
G4722,0.0
G4721,0.0
G4720,0.0
G4719,0.0
G4718,0.0
G4717,0.0
G4716,0.0
G4715,0.0
G4714,0.0
G4713,0.0
G4712,0.0
G4711,0.0
G4710,0.0
G4709,0.0
G4708,0.0
G4707,0.0
G4706,0.0
G4705,0.0
G4704,0.0
G4703,0.0
G4702,0.0
G4701,0.0
G4789,0.0
G4791,0.0
G4916,0.0
G4870,0.0
G4882,0.0
G4881,0.0
G4880,0.0
G4879,0.0
G4878,0.0
G4877,0.0
G4876,0.0
G4875,0.0
G4874,0.0
G4873,0.0
G4872,0.0
G4871,0.0
G4869,0.0
G4884,0.0
G4868,0.0
G4867,0.0
G4866,0.0
G4865,0.0
G4864,0.0
G4863,0.0
G4862,0.0
G4861,0.0
G4860,0.0
G4859,0.0
G4857,0.0
G4856,0.0
G4883,0.0
G4885,0.0
G4792,0.0
G4901,0.0
G4914,0.0
G4913,0.0
G4912,0.0
G4911,0.0
G4910,0.0
G4909,0.0
G4908,0.0
G4907,0.0
G4906,0.0
G4905,0.0
G4903,0.0
G4902,0.0
G4900,0.0
G4886,0.0
G4899,0.0
G4898,0.0
G4896,0.0
G4895,0.0
G4894,0.0
G4893,0.0
G4892,0.0
G4891,0.0
G4890,0.0
G4889,0.0
G4888,0.0
G4887,0.0
G4855,0.0
G4854,0.0
G4853,0.0
G4807,0.0
G4821,0.0
G4820,0.0
G4819,0.0
G4818,0.0
G4817,0.0
G4815,0.0
G4814,0.0
G4813,0.0
G4812,0.0
G4811,0.0
G4809,0.0
G4808,0.0
G4806,0.0
G4852,0.0
G4805,0.0
G4804,0.0
G4802,0.0
G4801,0.0
G4800,0.0
G4799,0.0
G4798,0.0
G4797,0.0
G4796,0.0
G4795,0.0
G4794,0.0
G4793,0.0
G4822,0.0
G4823,0.0
G4824,0.0
G4825,0.0
G4851,0.0
G4850,0.0
G4849,0.0
G4848,0.0
G4847,0.0
G4846,0.0
G4845,0.0
G4844,0.0
G4843,0.0
G4842,0.0
G4841,0.0
G4840,0.0
G4838,0.0
G4837,0.0
G4836,0.0
G4835,0.0
G4834,0.0
G4833,0.0
G4832,0.0
G4831,0.0
G4830,0.0
G4829,0.0
G4828,0.0
G4827,0.0
G4826,0.0
G5936,0.0
G6095,0.0
G5938,0.0
G7302,0.0
G7316,0.0
G7315,0.0
G7314,0.0
G7313,0.0
G7312,0.0
G7311,0.0
G7310,0.0
G7309,0.0
G7308,0.0
G7306,0.0
G7304,0.0
G7303,0.0
G7301,0.0
G7319,0.0
G7300,0.0
G7298,0.0
G7297,0.0
G7296,0.0
G7295,0.0
G7294,0.0
G7293,0.0
G7292,0.0
G7291,0.0
G7290,0.0
G7289,0.0
G7288,0.0
G7317,0.0
G7320,0.0
G7285,0.0
G7336,0.0
G7348,0.0
G7347,0.0
G7346,0.0
G7345,0.0
G7344,0.0
G7343,0.0
G7342,0.0
G7341,0.0
G7340,0.0
G7339,0.0
G7338,0.0
G7337,0.0
G7335,0.0
G7321,0.0
G7334,0.0
G7333,0.0
G7331,0.0
G7330,0.0
G7329,0.0
G7328,0.0
G7327,0.0
G7326,0.0
G7325,0.0
G7324,0.0
G7323,0.0
G7322,0.0
G7287,0.0
G7284,0.0
G5939,0.0
G7236,0.0
G7249,0.0
G7248,0.0
G7246,0.0
G7245,0.0
G7244,0.0
G7243,0.0
G7242,0.0
G7241,0.0
G7240,0.0
G7239,0.0
G7238,0.0
G7237,0.0
G7235,0.0
G7251,0.0
G7234,0.0
G7233,0.0
G7232,0.0
G7231,0.0
G7230,0.0
G7229,0.0
G7228,0.0
G7227,0.0
G7225,0.0
G7223,0.0
G7222,0.0
G7221,0.0
G7250,0.0
G7252,0.0
G7283,0.0
G7269,0.0
G7282,0.0
G7281,0.0
G7280,0.0
G7278,0.0
G7277,0.0
G7276,0.0
G7275,0.0
G7274,0.0
G7273,0.0
G7272,0.0
G7271,0.0
G7270,0.0
G7268,0.0
G7253,0.0
G7267,0.0
G7266,0.0
G7265,0.0
G7264,0.0
G7262,0.0
G7261,0.0
G7260,0.0
G7259,0.0
G7257,0.0
G7256,0.0
G7255,0.0
G7254,0.0
G7349,0.0
G7350,0.0
G7351,0.0
G7429,0.0
G7444,0.0
G7442,0.0
G7440,0.0
G7439,0.0
G7437,0.0
G7436,0.0
G7435,0.0
G7434,0.0
G7433,0.0
G7432,0.0
G7431,0.0
G7430,0.0
G7428,0.0
G7446,0.0
G7427,0.0
G7425,0.0
G7424,0.0
G7423,0.0
G7422,0.0
G7421,0.0
G7420,0.0
G7419,0.0
G7418,0.0
G7417,0.0
G7416,0.0
G7414,0.0
G7445,0.0
G7448,0.0
G7352,0.0
G7468,0.0
G7481,0.0
G7480,0.0
G7478,0.0
G7477,0.0
G7476,0.0
G7475,0.0
G7474,0.0
G7473,0.0
G7472,0.0
G7471,0.0
G7470,0.0
G7469,0.0
G7467,0.0
G7449,0.0
G7464,0.0
G7462,0.0
G7461,0.0
G7459,0.0
G7458,0.0
G7457,0.0
G7455,0.0
G7454,0.0
G7453,0.0
G7452,0.0
G7451,0.0
G7450,0.0
G7413,0.0
G7411,0.0
G7410,0.0
G7366,0.0
G7378,0.0
G7377,0.0
G7376,0.0
G7375,0.0
G7374,0.0
G7373,0.0
G7372,0.0
G7371,0.0
G7370,0.0
G7369,0.0
G7368,0.0
G7367,0.0
G7365,0.0
G7409,0.0
G7364,0.0
G7363,0.0
G7362,0.0
G7361,0.0
G7360,0.0
G7359,0.0
G7358,0.0
G7357,0.0
G7356,0.0
G7355,0.0
G7354,0.0
G7353,0.0
G7379,0.0
G7380,0.0
G7381,0.0
G7382,0.0
G7408,0.0
G7407,0.0
G7406,0.0
G7405,0.0
G7404,0.0
G7403,0.0
G7402,0.0
G7401,0.0
G7400,0.0
G7399,0.0
G7398,0.0
G7397,0.0
G7396,0.0
G7395,0.0
G7394,0.0
G7393,0.0
G7391,0.0
G7390,0.0
G7389,0.0
G7388,0.0
G7387,0.0
G7386,0.0
G7385,0.0
G7384,0.0
G7383,0.0
G7220,0.0
G7219,0.0
G7218,0.0
G7049,0.0
G7062,0.0
G7061,0.0
G7060,0.0
G7059,0.0
G7058,0.0
G7057,0.0
G7056,0.0
G7055,0.0
G7054,0.0
G7053,0.0
G7051,0.0
G7050,0.0
G7048,0.0
G7064,0.0
G7046,0.0
G7045,0.0
G7044,0.0
G7043,0.0
G7041,0.0
G7040,0.0
G7039,0.0
G7038,0.0
G7037,0.0
G7036,0.0
G7035,0.0
G7034,0.0
G7063,0.0
G7065,0.0
G7095,0.0
G7080,0.0
G7093,0.0
G7092,0.0
G7091,0.0
G7090,0.0
G7089,0.0
G7088,0.0
G7086,0.0
G7085,0.0
G7084,0.0
G7083,0.0
G7082,0.0
G7081,0.0
G7079,0.0
G7066,0.0
G7078,0.0
G7077,0.0
G7076,0.0
G7075,0.0
G7074,0.0
G7073,0.0
G7072,0.0
G7071,0.0
G7070,0.0
G7069,0.0
G7068,0.0
G7067,0.0
G7032,0.0
G7031,0.0
G7030,0.0
G6985,0.0
G6999,0.0
G6997,0.0
G6996,0.0
G6995,0.0
G6994,0.0
G6992,0.0
G6991,0.0
G6990,0.0
G6989,0.0
G6988,0.0
G6987,0.0
G6986,0.0
G6984,0.0
G7029,0.0
G6983,0.0
G6982,0.0
G6981,0.0
G6980,0.0
G6978,0.0
G6977,0.0
G6976,0.0
G6975,0.0
G6974,0.0
G6973,0.0
G6972,0.0
G6971,0.0
G7000,0.0
G7001,0.0
G7002,0.0
G7003,0.0
G7028,0.0
G7027,0.0
G7026,0.0
G7025,0.0
G7024,0.0
G7023,0.0
G7022,0.0
G7021,0.0
G7020,0.0
G7019,0.0
G7018,0.0
G7017,0.0
G7016,0.0
G7015,0.0
G7014,0.0
G7013,0.0
G7012,0.0
G7011,0.0
G7010,0.0
G7009,0.0
G7008,0.0
G7007,0.0
G7006,0.0
G7005,0.0
G7004,0.0
G7094,0.0
G7097,0.0
G7217,0.0
G7172,0.0
G7184,0.0
G7183,0.0
G7182,0.0
G7181,0.0
G7180,0.0
G7179,0.0
G7178,0.0
G7177,0.0
G7176,0.0
G7175,0.0
G7174,0.0
G7173,0.0
G7171,0.0
G7186,0.0
G7170,0.0
G7169,0.0
G7168,0.0
G7167,0.0
G7166,0.0
G7165,0.0
G7164,0.0
G7163,0.0
G7162,0.0
G7161,0.0
G7160,0.0
G7159,0.0
G7185,0.0
G7187,0.0
G7098,0.0
G7202,0.0
G7216,0.0
G7215,0.0
G7214,0.0
G7212,0.0
G7211,0.0
G7210,0.0
G7209,0.0
G7207,0.0
G7206,0.0
G7205,0.0
G7204,0.0
G7203,0.0
G7201,0.0
G7188,0.0
G7200,0.0
G7199,0.0
G7198,0.0
G7197,0.0
G7196,0.0
G7195,0.0
G7194,0.0
G7193,0.0
G7192,0.0
G7191,0.0
G7190,0.0
G7189,0.0
G7158,0.0
G7157,0.0
G7156,0.0
G7112,0.0
G7125,0.0
G7124,0.0
G7123,0.0
G7122,0.0
G7121,0.0
G7120,0.0
G7119,0.0
G7118,0.0
G7117,0.0
G7116,0.0
G7115,0.0
G7114,0.0
G7111,0.0
G7155,0.0
G7110,0.0
G7109,0.0
G7108,0.0
G7107,0.0
G7106,0.0
G7105,0.0
G7104,0.0
G7103,0.0
G7102,0.0
G7101,0.0
G7100,0.0
G7099,0.0
G7126,0.0
G7127,0.0
G7128,0.0
G7129,0.0
G7154,0.0
G7153,0.0
G7152,0.0
G7151,0.0
G7150,0.0
G7149,0.0
G7148,0.0
G7147,0.0
G7146,0.0
G7145,0.0
G7144,0.0
G7143,0.0
G7142,0.0
G7141,0.0
G7140,0.0
G7139,0.0
G7138,0.0
G7137,0.0
G7136,0.0
G7135,0.0
G7134,0.0
G7133,0.0
G7132,0.0
G7131,0.0
G7130,0.0
G7482,0.0
G7483,0.0
G7484,0.0
G7823,0.0
G7837,0.0
G7836,0.0
G7835,0.0
G7834,0.0
G7833,0.0
G7832,0.0
G7831,0.0
G7830,0.0
G7829,0.0
G7828,0.0
G7826,0.0
G7825,0.0
G7822,0.0
G7839,0.0
G7821,0.0
G7820,0.0
G7817,0.0
G7815,0.0
G7814,0.0
G7813,0.0
G7812,0.0
G7811,0.0
G7810,0.0
G7809,0.0
G7808,0.0
G7807,0.0
G7838,0.0
G7840,0.0
G7871,0.0
G7857,0.0
G7869,0.0
G7868,0.0
G7867,0.0
G7866,0.0
G7865,0.0
G7864,0.0
G7863,0.0
G7862,0.0
G7861,0.0
G7860,0.0
G7859,0.0
G7858,0.0
G7856,0.0
G7841,0.0
G7854,0.0
G7853,0.0
G7852,0.0
G7851,0.0
G7850,0.0
G7849,0.0
G7848,0.0
G7847,0.0
G7846,0.0
G7844,0.0
G7843,0.0
G7842,0.0
G7805,0.0
G7804,0.0
G7803,0.0
G7755,0.0
G7768,0.0
G7767,0.0
G7766,0.0
G7765,0.0
G7764,0.0
G7763,0.0
G7762,0.0
G7761,0.0
G7760,0.0
G7758,0.0
G7757,0.0
G7756,0.0
G7754,0.0
G7802,0.0
G7753,0.0
G7752,0.0
G7751,0.0
G7750,0.0
G7749,0.0
G7748,0.0
G7746,0.0
G7745,0.0
G7744,0.0
G7742,0.0
G7741,0.0
G7740,0.0
G7769,0.0
G7770,0.0
G7771,0.0
G7772,0.0
G7800,0.0
G7799,0.0
G7798,0.0
G7797,0.0
G7796,0.0
G7795,0.0
G7794,0.0
G7793,0.0
G7792,0.0
G7791,0.0
G7790,0.0
G7789,0.0
G7788,0.0
G7786,0.0
G7785,0.0
G7783,0.0
G7782,0.0
G7781,0.0
G7780,0.0
G7779,0.0
G7778,0.0
G7777,0.0
G7775,0.0
G7774,0.0
G7773,0.0
G7870,0.0
G7872,0.0
G7738,0.0
G7952,0.0
G7964,0.0
G7963,0.0
G7962,0.0
G7961,0.0
G7960,0.0
G7959,0.0
G7958,0.0
G7957,0.0
G7956,0.0
G7955,0.0
G7954,0.0
G7953,0.0
G7951,0.0
G7966,0.0
G7949,0.0
G7948,0.0
G7947,0.0
G7946,0.0
G7945,0.0
G7944,0.0
G7943,0.0
G7942,0.0
G7941,0.0
G7940,0.0
G7939,0.0
G7938,0.0
G7965,0.0
G7967,0.0
G7873,0.0
G7985,0.0
G7998,0.0
G7997,0.0
G7996,0.0
G7995,0.0
G7994,0.0
G7993,0.0
G7991,0.0
G7990,0.0
G7989,0.0
G7988,0.0
G7987,0.0
G7986,0.0
G7983,0.0
G7968,0.0
G7982,0.0
G7980,0.0
G7979,0.0
G7978,0.0
G7977,0.0
G7976,0.0
G7974,0.0
G7973,0.0
G7972,0.0
G7971,0.0
G7970,0.0
G7969,0.0
G7937,0.0
G7936,0.0
G7935,0.0
G7890,0.0
G7902,0.0
G7901,0.0
G7900,0.0
G7899,0.0
G7898,0.0
G7897,0.0
G7896,0.0
G7895,0.0
G7894,0.0
G7893,0.0
G7892,0.0
G7891,0.0
G7889,0.0
G7934,0.0
G7888,0.0
G7887,0.0
G7886,0.0
G7883,0.0
G7882,0.0
G7881,0.0
G7880,0.0
G7879,0.0
G7878,0.0
G7876,0.0
G7875,0.0
G7874,0.0
G7903,0.0
G7904,0.0
G7905,0.0
G7906,0.0
G7933,0.0
G7932,0.0
G7931,0.0
G7930,0.0
G7929,0.0
G7928,0.0
G7927,0.0
G7926,0.0
G7924,0.0
G7923,0.0
G7922,0.0
G7921,0.0
G7920,0.0
G7919,0.0
G7917,0.0
G7916,0.0
G7915,0.0
G7914,0.0
G7913,0.0
G7912,0.0
G7911,0.0
G7910,0.0
G7909,0.0
G7908,0.0
G7907,0.0
G7739,0.0
G7737,0.0
G7485,0.0
G7564,0.0
G7576,0.0
G7575,0.0
G7574,0.0
G7573,0.0
G7572,0.0
G7571,0.0
G7570,0.0
G7569,0.0
G7568,0.0
G7567,0.0
G7566,0.0
G7565,0.0
G7563,0.0
G7578,0.0
G7562,0.0
G7561,0.0
G7560,0.0
G7559,0.0
G7558,0.0
G7557,0.0
G7556,0.0
G7555,0.0
G7554,0.0
G7553,0.0
G7552,0.0
G7551,0.0
G7577,0.0
G7579,0.0
G7611,0.0
G7594,0.0
G7609,0.0
G7607,0.0
G7606,0.0
G7605,0.0
G7604,0.0
G7603,0.0
G7602,0.0
G7601,0.0
G7600,0.0
G7599,0.0
G7596,0.0
G7595,0.0
G7593,0.0
G7580,0.0
G7592,0.0
G7591,0.0
G7590,0.0
G7589,0.0
G7588,0.0
G7587,0.0
G7586,0.0
G7585,0.0
G7584,0.0
G7583,0.0
G7582,0.0
G7581,0.0
G7550,0.0
G7549,0.0
G7548,0.0
G7500,0.0
G7514,0.0
G7513,0.0
G7511,0.0
G7510,0.0
G7509,0.0
G7508,0.0
G7507,0.0
G7506,0.0
G7505,0.0
G7503,0.0
G7502,0.0
G7501,0.0
G7498,0.0
G7547,0.0
G7497,0.0
G7496,0.0
G7495,0.0
G7494,0.0
G7493,0.0
G7492,0.0
G7491,0.0
G7490,0.0
G7489,0.0
G7488,0.0
G7487,0.0
G7486,0.0
G7515,0.0
G7516,0.0
G7517,0.0
G7518,0.0
G7546,0.0
G7545,0.0
G7544,0.0
G7543,0.0
G7542,0.0
G7541,0.0
G7540,0.0
G7539,0.0
G7538,0.0
G7537,0.0
G7536,0.0
G7535,0.0
G7534,0.0
G7531,0.0
G7530,0.0
G7529,0.0
G7528,0.0
G7527,0.0
G7526,0.0
G7525,0.0
G7523,0.0
G7522,0.0
G7521,0.0
G7520,0.0
G7519,0.0
G7610,0.0
G7612,0.0
G7736,0.0
G7692,0.0
G7704,0.0
G7703,0.0
G7702,0.0
G7701,0.0
G7700,0.0
G7699,0.0
G7698,0.0
G7697,0.0
G7696,0.0
G7695,0.0
G7694,0.0
G7693,0.0
G7691,0.0
G7706,0.0
G7690,0.0
G7689,0.0
G7688,0.0
G7687,0.0
G7686,0.0
G7685,0.0
G7684,0.0
G7683,0.0
G7682,0.0
G7680,0.0
G7679,0.0
G7678,0.0
G7705,0.0
G7707,0.0
G7613,0.0
G7723,0.0
G7735,0.0
G7734,0.0
G7733,0.0
G7732,0.0
G7731,0.0
G7730,0.0
G7729,0.0
G7728,0.0
G7727,0.0
G7726,0.0
G7725,0.0
G7724,0.0
G7722,0.0
G7708,0.0
G7721,0.0
G7720,0.0
G7719,0.0
G7718,0.0
G7716,0.0
G7715,0.0
G7714,0.0
G7713,0.0
G7712,0.0
G7711,0.0
G7710,0.0
G7709,0.0
G7677,0.0
G7676,0.0
G7675,0.0
G7628,0.0
G7642,0.0
G7641,0.0
G7640,0.0
G7638,0.0
G7637,0.0
G7636,0.0
G7635,0.0
G7634,0.0
G7633,0.0
G7632,0.0
G7631,0.0
G7630,0.0
G7627,0.0
G7674,0.0
G7625,0.0
G7624,0.0
G7623,0.0
G7622,0.0
G7621,0.0
G7620,0.0
G7619,0.0
G7618,0.0
G7617,0.0
G7616,0.0
G7615,0.0
G7614,0.0
G7643,0.0
G7644,0.0
G7645,0.0
G7646,0.0
G7673,0.0
G7672,0.0
G7671,0.0
G7669,0.0
G7668,0.0
G7667,0.0
G7666,0.0
G7665,0.0
G7664,0.0
G7663,0.0
G7662,0.0
G7660,0.0
G7659,0.0
G7658,0.0
G7657,0.0
G7656,0.0
G7655,0.0
G7654,0.0
G7653,0.0
G7652,0.0
G7651,0.0
G7650,0.0
G7649,0.0
G7648,0.0
G7647,0.0
G6969,0.0
G6968,0.0
G6967,0.0
G6279,0.0
G6293,0.0
G6292,0.0
G6291,0.0
G6290,0.0
G6289,0.0
G6288,0.0
G6287,0.0
G6286,0.0
G6285,0.0
G6284,0.0
G6282,0.0
G6280,0.0
G6278,0.0
G6295,0.0
G6277,0.0
G6276,0.0
G6275,0.0
G6274,0.0
G6273,0.0
G6272,0.0
G6271,0.0
G6270,0.0
G6269,0.0
G6268,0.0
G6267,0.0
G6265,0.0
G6294,0.0
G6296,0.0
G6328,0.0
G6314,0.0
G6326,0.0
G6325,0.0
G6324,0.0
G6323,0.0
G6322,0.0
G6321,0.0
G6320,0.0
G6319,0.0
G6318,0.0
G6317,0.0
G6316,0.0
G6315,0.0
G6313,0.0
G6297,0.0
G6311,0.0
G6310,0.0
G6309,0.0
G6308,0.0
G6307,0.0
G6306,0.0
G6304,0.0
G6303,0.0
G6302,0.0
G6301,0.0
G6300,0.0
G6299,0.0
G6264,0.0
G6262,0.0
G6261,0.0
G6215,0.0
G6227,0.0
G6226,0.0
G6225,0.0
G6224,0.0
G6223,0.0
G6222,0.0
G6221,0.0
G6220,0.0
G6219,0.0
G6218,0.0
G6217,0.0
G6216,0.0
G6214,0.0
G6260,0.0
G6213,0.0
G6212,0.0
G6211,0.0
G6210,0.0
G6209,0.0
G6207,0.0
G6206,0.0
G6205,0.0
G6204,0.0
G6203,0.0
G6202,0.0
G6201,0.0
G6228,0.0
G6229,0.0
G6230,0.0
G6231,0.0
G6259,0.0
G6257,0.0
G6256,0.0
G6255,0.0
G6254,0.0
G6253,0.0
G6252,0.0
G6251,0.0
G6250,0.0
G6249,0.0
G6248,0.0
G6247,0.0
G6246,0.0
G6245,0.0
G6243,0.0
G6242,0.0
G6241,0.0
G6240,0.0
G6239,0.0
G6238,0.0
G6237,0.0
G6236,0.0
G6234,0.0
G6233,0.0
G6232,0.0
G6327,0.0
G6329,0.0
G6199,0.0
G6408,0.0
G6422,0.0
G6421,0.0
G6419,0.0
G6418,0.0
G6417,0.0
G6416,0.0
G6415,0.0
G6414,0.0
G6413,0.0
G6412,0.0
G6411,0.0
G6410,0.0
G6407,0.0
G6424,0.0
G6406,0.0
G6405,0.0
G6404,0.0
G6403,0.0
G6401,0.0
G6399,0.0
G6398,0.0
G6397,0.0
G6396,0.0
G6395,0.0
G6394,0.0
G6393,0.0
G6423,0.0
G6425,0.0
G6330,0.0
G6440,0.0
G6456,0.0
G6455,0.0
G6452,0.0
G6451,0.0
G6450,0.0
G6449,0.0
G6448,0.0
G6447,0.0
G6444,0.0
G6443,0.0
G6442,0.0
G6441,0.0
G6439,0.0
G6426,0.0
G6438,0.0
G6437,0.0
G6436,0.0
G6435,0.0
G6434,0.0
G6433,0.0
G6432,0.0
G6431,0.0
G6430,0.0
G6429,0.0
G6428,0.0
G6427,0.0
G6392,0.0
G6391,0.0
G6390,0.0
G6344,0.0
G6358,0.0
G6357,0.0
G6356,0.0
G6355,0.0
G6354,0.0
G6353,0.0
G6351,0.0
G6350,0.0
G6349,0.0
G6348,0.0
G6347,0.0
G6345,0.0
G6343,0.0
G6389,0.0
G6342,0.0
G6341,0.0
G6340,0.0
G6339,0.0
G6338,0.0
G6337,0.0
G6336,0.0
G6335,0.0
G6334,0.0
G6333,0.0
G6332,0.0
G6331,0.0
G6359,0.0
G6360,0.0
G6361,0.0
G6362,0.0
G6388,0.0
G6387,0.0
G6386,0.0
G6385,0.0
G6384,0.0
G6383,0.0
G6382,0.0
G6381,0.0
G6380,0.0
G6379,0.0
G6378,0.0
G6377,0.0
G6375,0.0
G6374,0.0
G6373,0.0
G6372,0.0
G6371,0.0
G6370,0.0
G6369,0.0
G6368,0.0
G6367,0.0
G6366,0.0
G6365,0.0
G6364,0.0
G6363,0.0
G6200,0.0
G6198,0.0
G6458,0.0
G6020,0.0
G6032,0.0
G6031,0.0
G6030,0.0
G6029,0.0
G6028,0.0
G6027,0.0
G6026,0.0
G6025,0.0
G6024,0.0
G6023,0.0
G6022,0.0
G6021,0.0
G6019,0.0
G6034,0.0
G6018,0.0
G6017,0.0
G6016,0.0
G6015,0.0
G6014,0.0
G6013,0.0
G6012,0.0
G6011,0.0
G6010,0.0
G6009,0.0
G6008,0.0
G6007,0.0
G6033,0.0
G6035,0.0
G6068,0.0
G6053,0.0
G6066,0.0
G6065,0.0
G6064,0.0
G6063,0.0
G6062,0.0
G6060,0.0
G6059,0.0
G6058,0.0
G6057,0.0
G6056,0.0
G6055,0.0
G6054,0.0
G6052,0.0
G6036,0.0
G6049,0.0
G6047,0.0
G6046,0.0
G6045,0.0
G6044,0.0
G6043,0.0
G6042,0.0
G6041,0.0
G6040,0.0
G6039,0.0
G6038,0.0
G6037,0.0
G6006,0.0
G6005,0.0
G6004,0.0
G5953,0.0
G5967,0.0
G5966,0.0
G5965,0.0
G5964,0.0
G5962,0.0
G5961,0.0
G5960,0.0
G5958,0.0
G5957,0.0
G5956,0.0
G5955,0.0
G5954,0.0
G5952,0.0
G6003,0.0
G5951,0.0
G5950,0.0
G5949,0.0
G5948,0.0
G5947,0.0
G5946,0.0
G5945,0.0
G5944,0.0
G5943,0.0
G5942,0.0
G5941,0.0
G5940,0.0
G5968,0.0
G5969,0.0
G5970,0.0
G5971,0.0
G6002,0.0
G6001,0.0
G5999,0.0
G5998,0.0
G5995,0.0
G5994,0.0
G5993,0.0
G5992,0.0
G5991,0.0
G5990,0.0
G5989,0.0
G5988,0.0
G5987,0.0
G5985,0.0
G5984,0.0
G5983,0.0
G5982,0.0
G5981,0.0
G5979,0.0
G5978,0.0
G5977,0.0
G5976,0.0
G5975,0.0
G5973,0.0
G5972,0.0
G6067,0.0
G6069,0.0
G6197,0.0
G6153,0.0
G6166,0.0
G6164,0.0
G6163,0.0
G6162,0.0
G6161,0.0
G6160,0.0
G6159,0.0
G6158,0.0
G6157,0.0
G6156,0.0
G6155,0.0
G6154,0.0
G6152,0.0
G6168,0.0
G6151,0.0
G6150,0.0
G6149,0.0
G6148,0.0
G6147,0.0
G6146,0.0
G6144,0.0
G6143,0.0
G6142,0.0
G6141,0.0
G6140,0.0
G6139,0.0
G6167,0.0
G6169,0.0
G6070,0.0
G6184,0.0
G6196,0.0
G6195,0.0
G6194,0.0
G6193,0.0
G6192,0.0
G6191,0.0
G6190,0.0
G6189,0.0
G6188,0.0
G6187,0.0
G6186,0.0
G6185,0.0
G6183,0.0
G6170,0.0
G6182,0.0
G6181,0.0
G6180,0.0
G6179,0.0
G6178,0.0
G6177,0.0
G6176,0.0
G6175,0.0
G6174,0.0
G6173,0.0
G6172,0.0
G6171,0.0
G6138,0.0
G6136,0.0
G6135,0.0
G6086,0.0
G6101,0.0
G6100,0.0
G6099,0.0
G6098,0.0
G6097,0.0
G6096,0.0
G4157,0.0
G6094,0.0
G6091,0.0
G6090,0.0
G6088,0.0
G6087,0.0
G6085,0.0
G6134,0.0
G6083,0.0
G6082,0.0
G6080,0.0
G6079,0.0
G6078,0.0
G6077,0.0
G6076,0.0
G6075,0.0
G6074,0.0
G6073,0.0
G6072,0.0
G6071,0.0
G6102,0.0
G6103,0.0
G6104,0.0
G6106,0.0
G6133,0.0
G6132,0.0
G6130,0.0
G6129,0.0
G6128,0.0
G6127,0.0
G6126,0.0
G6125,0.0
G6124,0.0
G6123,0.0
G6122,0.0
G6121,0.0
G6120,0.0
G6119,0.0
G6118,0.0
G6117,0.0
G6116,0.0
G6115,0.0
G6114,0.0
G6113,0.0
G6111,0.0
G6110,0.0
G6109,0.0
G6108,0.0
G6107,0.0
G6457,0.0
G6459,0.0
G6966,0.0
G6792,0.0
G6805,0.0
G6804,0.0
G6803,0.0
G6802,0.0
G6801,0.0
G6800,0.0
G6799,0.0
G6798,0.0
G6797,0.0
G6795,0.0
G6794,0.0
G6793,0.0
G6790,0.0
G6807,0.0
G6788,0.0
G6787,0.0
G6786,0.0
G6785,0.0
G6784,0.0
G6783,0.0
G6782,0.0
G6781,0.0
G6780,0.0
G6779,0.0
G6778,0.0
G6777,0.0
G6806,0.0
G6808,0.0
G6840,0.0
G6824,0.0
G6837,0.0
G6836,0.0
G6835,0.0
G6834,0.0
G6832,0.0
G6831,0.0
G6830,0.0
G6829,0.0
G6828,0.0
G6827,0.0
G6826,0.0
G6825,0.0
G6823,0.0
G6809,0.0
G6822,0.0
G6821,0.0
G6820,0.0
G6819,0.0
G6818,0.0
G6816,0.0
G6815,0.0
G6814,0.0
G6813,0.0
G6812,0.0
G6811,0.0
G6810,0.0
G6776,0.0
G6775,0.0
G6774,0.0
G6730,0.0
G6743,0.0
G6742,0.0
G6741,0.0
G6739,0.0
G6738,0.0
G6737,0.0
G6736,0.0
G6735,0.0
G6734,0.0
G6733,0.0
G6732,0.0
G6731,0.0
G6729,0.0
G6773,0.0
G6728,0.0
G6727,0.0
G6726,0.0
G6725,0.0
G6724,0.0
G6723,0.0
G6722,0.0
G6721,0.0
G6720,0.0
G6719,0.0
G6718,0.0
G6717,0.0
G6744,0.0
G6745,0.0
G6746,0.0
G6747,0.0
G6772,0.0
G6771,0.0
G6770,0.0
G6769,0.0
G6768,0.0
G6767,0.0
G6766,0.0
G6765,0.0
G6764,0.0
G6763,0.0
G6762,0.0
G6761,0.0
G6760,0.0
G6759,0.0
G6758,0.0
G6757,0.0
G6756,0.0
G6755,0.0
G6754,0.0
G6753,0.0
G6752,0.0
G6751,0.0
G6750,0.0
G6749,0.0
G6748,0.0
G6839,0.0
G6841,0.0
G6715,0.0
G6918,0.0
G6933,0.0
G6931,0.0
G6930,0.0
G6929,0.0
G6928,0.0
G6927,0.0
G6926,0.0
G6923,0.0
G6922,0.0
G6921,0.0
G6920,0.0
G6919,0.0
G6916,0.0
G6935,0.0
G6915,0.0
G6914,0.0
G6913,0.0
G6912,0.0
G6911,0.0
G6910,0.0
G6909,0.0
G6908,0.0
G6907,0.0
G6906,0.0
G6905,0.0
G6904,0.0
G6934,0.0
G6936,0.0
G6842,0.0
G6952,0.0
G6964,0.0
G6963,0.0
G6962,0.0
G6961,0.0
G6960,0.0
G6959,0.0
G6958,0.0
G6957,0.0
G6956,0.0
G6955,0.0
G6954,0.0
G6953,0.0
G6951,0.0
G6937,0.0
G6950,0.0
G6948,0.0
G6947,0.0
G6946,0.0
G6945,0.0
G6944,0.0
G6943,0.0
G6942,0.0
G6941,0.0
G6940,0.0
G6939,0.0
G6938,0.0
G6903,0.0
G6902,0.0
G6901,0.0
G6857,0.0
G6870,0.0
G6869,0.0
G6868,0.0
G6867,0.0
G6865,0.0
G6864,0.0
G6863,0.0
G6862,0.0
G6861,0.0
G6860,0.0
G6859,0.0
G6858,0.0
G6856,0.0
G6900,0.0
G6855,0.0
G6854,0.0
G6853,0.0
G6852,0.0
G6851,0.0
G6849,0.0
G6848,0.0
G6847,0.0
G6846,0.0
G6845,0.0
G6844,0.0
G6843,0.0
G6871,0.0
G6872,0.0
G6873,0.0
G6874,0.0
G6899,0.0
G6898,0.0
G6897,0.0
G6896,0.0
G6895,0.0
G6894,0.0
G6893,0.0
G6892,0.0
G6891,0.0
G6890,0.0
G6889,0.0
G6888,0.0
G6887,0.0
G6886,0.0
G6885,0.0
G6884,0.0
G6883,0.0
G6882,0.0
G6881,0.0
G6880,0.0
G6879,0.0
G6878,0.0
G6877,0.0
G6876,0.0
G6875,0.0
G6716,0.0
G6714,0.0
G6460,0.0
G6537,0.0
G6550,0.0
G6549,0.0
G6548,0.0
G6547,0.0
G6546,0.0
G6545,0.0
G6544,0.0
G6543,0.0
G6542,0.0
G6541,0.0
G6539,0.0
G6538,0.0
G6536,0.0
G6552,0.0
G6535,0.0
G6534,0.0
G6532,0.0
G6531,0.0
G6530,0.0
G6529,0.0
G6528,0.0
G6527,0.0
G6526,0.0
G6525,0.0
G6524,0.0
G6523,0.0
G6551,0.0
G6553,0.0
G6583,0.0
G6568,0.0
G6581,0.0
G6580,0.0
G6579,0.0
G6578,0.0
G6576,0.0
G6575,0.0
G6574,0.0
G6573,0.0
G6572,0.0
G6571,0.0
G6570,0.0
G6569,0.0
G6567,0.0
G6554,0.0
G6566,0.0
G6565,0.0
G6564,0.0
G6563,0.0
G6562,0.0
G6561,0.0
G6560,0.0
G6559,0.0
G6558,0.0
G6557,0.0
G6556,0.0
G6555,0.0
G6522,0.0
G6521,0.0
G6520,0.0
G6475,0.0
G6487,0.0
G6486,0.0
G6485,0.0
G6484,0.0
G6483,0.0
G6482,0.0
G6481,0.0
G6480,0.0
G6479,0.0
G6478,0.0
G6477,0.0
G6476,0.0
G6474,0.0
G6519,0.0
G6473,0.0
G6472,0.0
G6470,0.0
G6469,0.0
G6468,0.0
G6467,0.0
G6466,0.0
G6465,0.0
G6464,0.0
G6463,0.0
G6462,0.0
G6461,0.0
G6488,0.0
G6489,0.0
G6490,0.0
G6491,0.0
G6518,0.0
G6517,0.0
G6515,0.0
G6514,0.0
G6513,0.0
G6512,0.0
G6511,0.0
G6510,0.0
G6509,0.0
G6508,0.0
G6507,0.0
G6505,0.0
G6504,0.0
G6503,0.0
G6502,0.0
G6501,0.0
G6500,0.0
G6499,0.0
G6498,0.0
G6497,0.0
G6496,0.0
G6495,0.0
G6494,0.0
G6493,0.0
G6492,0.0
G6582,0.0
G6584,0.0
G6713,0.0
G6662,0.0
G6678,0.0
G6677,0.0
G6675,0.0
G6674,0.0
G6672,0.0
G6671,0.0
G6669,0.0
G6668,0.0
G6667,0.0
G6666,0.0
G6664,0.0
G6663,0.0
G6661,0.0
G6680,0.0
G6660,0.0
G6659,0.0
G6658,0.0
G6657,0.0
G6656,0.0
G6655,0.0
G6654,0.0
G6653,0.0
G6652,0.0
G6651,0.0
G6650,0.0
G6649,0.0
G6679,0.0
G6681,0.0
G6585,0.0
G6698,0.0
G6712,0.0
G6711,0.0
G6708,0.0
G6707,0.0
G6706,0.0
G6705,0.0
G6704,0.0
G6703,0.0
G6702,0.0
G6701,0.0
G6700,0.0
G6699,0.0
G6696,0.0
G6682,0.0
G6695,0.0
G6694,0.0
G6693,0.0
G6692,0.0
G6691,0.0
G6690,0.0
G6689,0.0
G6688,0.0
G6687,0.0
G6685,0.0
G6684,0.0
G6683,0.0
G6648,0.0
G6647,0.0
G6646,0.0
G6600,0.0
G6613,0.0
G6612,0.0
G6610,0.0
G6609,0.0
G6608,0.0
G6607,0.0
G6606,0.0
G6605,0.0
G6604,0.0
G6603,0.0
G6602,0.0
G6601,0.0
G6599,0.0
G6645,0.0
G6598,0.0
G6597,0.0
G6596,0.0
G6595,0.0
G6594,0.0
G6593,0.0
G6591,0.0
G6590,0.0
G6589,0.0
G6588,0.0
G6587,0.0
G6586,0.0
G6614,0.0
G6615,0.0
G6616,0.0
G6617,0.0
G6644,0.0
G6642,0.0
G6641,0.0
G6640,0.0
G6639,0.0
G6638,0.0
G6637,0.0
G6636,0.0
G6634,0.0
G6633,0.0
G6632,0.0
G6631,0.0
G6630,0.0
G6629,0.0
G6628,0.0
G6627,0.0
G6626,0.0
G6625,0.0
G6624,0.0
G6623,0.0
G6622,0.0
G6621,0.0
G6620,0.0
G6619,0.0
G6618,0.0
G4158,0.0
G4000,0.0
G4156,0.0
G1065,0.0
G1416,0.0
G1415,0.0
G1414,0.0
G1413,0.0
G1411,0.0
G1410,0.0
G1409,0.0
G1408,0.0
G1407,0.0
G1406,0.0
G1405,0.0
G1404,0.0
G1403,0.0
G1402,0.0
G1401,0.0
G1400,0.0
G1399,0.0
G1398,0.0
G1397,0.0
G1396,0.0
G1395,0.0
G1394,0.0
G1393,0.0
G1392,0.0
G1390,0.0
G1389,0.0
G1388,0.0
G1417,0.0
G1418,0.0
G1419,0.0
G1434,0.0
G1447,0.0
G1445,0.0
G1444,0.0
G1443,0.0
G1442,0.0
G1441,0.0
G1440,0.0
G1439,0.0
G1438,0.0
G1437,0.0
G1436,0.0
G1435,0.0
G1433,0.0
G1420,0.0
G1432,0.0
G1431,0.0
G1430,0.0
G1429,0.0
G1428,0.0
G1427,0.0
G1426,0.0
G1425,0.0
G1424,0.0
G1423,0.0
G1422,0.0
G1421,0.0
G1387,0.0
G1386,0.0
G1385,0.0
G1338,0.0
G1351,0.0
G1350,0.0
G1349,0.0
G1348,0.0
G1347,0.0
G1346,0.0
G1345,0.0
G1344,0.0
G1342,0.0
G1341,0.0
G1340,0.0
G1339,0.0
G1337,0.0
G1353,0.0
G1336,0.0
G1335,0.0
G1334,0.0
G1333,0.0
G1332,0.0
G1331,0.0
G1330,0.0
G1329,0.0
G1328,0.0
G1327,0.0
G1326,0.0
G1325,0.0
G1352,0.0
G1354,0.0
G1384,0.0
G1370,0.0
G1383,0.0
G1382,0.0
G1381,0.0
G1380,0.0
G1379,0.0
G1378,0.0
G1376,0.0
G1375,0.0
G1374,0.0
G1373,0.0
G1372,0.0
G1371,0.0
G1369,0.0
G1355,0.0
G1368,0.0
G1367,0.0
G1366,0.0
G1365,0.0
G1364,0.0
G1363,0.0
G1361,0.0
G1360,0.0
G1359,0.0
G1358,0.0
G1357,0.0
G1356,0.0
G1448,0.0
G1449,0.0
G1450,0.0
G1536,0.0
G1548,0.0
G1547,0.0
G1546,0.0
G1545,0.0
G1544,0.0
G1543,0.0
G1542,0.0
G1541,0.0
G1540,0.0
G1539,0.0
G1538,0.0
G1537,0.0
G1534,0.0
G1550,0.0
G1533,0.0
G1532,0.0
G1531,0.0
G1530,0.0
G1529,0.0
G1528,0.0
G1527,0.0
G1526,0.0
G1525,0.0
G1524,0.0
G1523,0.0
G1522,0.0
G1549,0.0
G1551,0.0
G1519,0.0
G1567,0.0
G1579,0.0
G1578,0.0
G1577,0.0
G1576,0.0
G1575,0.0
G1574,0.0
G1573,0.0
G1572,0.0
G1571,0.0
G1570,0.0
G1569,0.0
G1568,0.0
G1566,0.0
G1552,0.0
G1565,0.0
G1564,0.0
G1563,0.0
G1562,0.0
G1560,0.0
G1559,0.0
G1558,0.0
G1557,0.0
G1556,0.0
G1555,0.0
G1554,0.0
G1553,0.0
G1521,0.0
G1518,0.0
G1452,0.0
G1468,0.0
G1481,0.0
G1480,0.0
G1479,0.0
G1478,0.0
G1477,0.0
G1476,0.0
G1475,0.0
G1473,0.0
G1472,0.0
G1471,0.0
G1470,0.0
G1469,0.0
G1467,0.0
G1484,0.0
G1466,0.0
G1465,0.0
G1464,0.0
G1463,0.0
G1461,0.0
G1460,0.0
G1459,0.0
G1457,0.0
G1456,0.0
G1455,0.0
G1454,0.0
G1453,0.0
G1482,0.0
G1485,0.0
G1517,0.0
G1502,0.0
G1515,0.0
G1514,0.0
G1513,0.0
G1512,0.0
G1511,0.0
G1510,0.0
G1509,0.0
G1508,0.0
G1507,0.0
G1505,0.0
G1504,0.0
G1503,0.0
G1501,0.0
G1486,0.0
G1500,0.0
G1499,0.0
G1497,0.0
G1496,0.0
G1495,0.0
G1494,0.0
G1493,0.0
G1492,0.0
G1491,0.0
G1490,0.0
G1489,0.0
G1488,0.0
G1324,0.0
G1323,0.0
G1322,0.0
G1148,0.0
G1161,0.0
G1159,0.0
G1158,0.0
G1157,0.0
G1156,0.0
G1155,0.0
G1154,0.0
G1153,0.0
G1152,0.0
G1151,0.0
G1150,0.0
G1149,0.0
G1147,0.0
G1163,0.0
G1146,0.0
G1145,0.0
G1144,0.0
G1143,0.0
G1142,0.0
G1141,0.0
G1140,0.0
G1139,0.0
G1137,0.0
G1136,0.0
G1135,0.0
G1134,0.0
G1162,0.0
G1164,0.0
G1132,0.0
G1180,0.0
G1192,0.0
G1191,0.0
G1190,0.0
G1189,0.0
G1188,0.0
G1187,0.0
G1186,0.0
G1185,0.0
G1184,0.0
G1183,0.0
G1182,0.0
G1181,0.0
G1179,0.0
G1165,0.0
G1178,0.0
G1177,0.0
G1176,0.0
G1175,0.0
G1173,0.0
G1172,0.0
G1171,0.0
G1170,0.0
G1169,0.0
G1168,0.0
G1167,0.0
G1166,0.0
G1133,0.0
G1131,0.0
G1194,0.0
G1082,0.0
G1095,0.0
G1093,0.0
G1092,0.0
G1091,0.0
G1090,0.0
G1089,0.0
G1088,0.0
G1087,0.0
G1086,0.0
G1085,0.0
G1084,0.0
G1083,0.0
G1081,0.0
G1097,0.0
G1080,0.0
G1079,0.0
G1078,0.0
G1077,0.0
G1076,0.0
G1074,0.0
G1073,0.0
G1072,0.0
G1071,0.0
G1070,0.0
G1069,0.0
G1067,0.0
G1096,0.0
G1099,0.0
G1130,0.0
G1116,0.0
G1129,0.0
G1128,0.0
G1127,0.0
G1126,0.0
G1125,0.0
G1123,0.0
G1122,0.0
G1121,0.0
G1120,0.0
G1119,0.0
G1118,0.0
G1117,0.0
G1115,0.0
G1100,0.0
G1114,0.0
G1113,0.0
G1112,0.0
G1110,0.0
G1109,0.0
G1108,0.0
G1107,0.0
G1106,0.0
G1105,0.0
G1104,0.0
G1102,0.0
G1101,0.0
G1193,0.0
G1195,0.0
G1321,0.0
G1276,0.0
G1290,0.0
G1289,0.0
G1288,0.0
G1286,0.0
G1285,0.0
G1284,0.0
G1283,0.0
G1282,0.0
G1280,0.0
G1279,0.0
G1278,0.0
G1277,0.0
G1273,0.0
G1292,0.0
G1272,0.0
G1271,0.0
G1270,0.0
G1269,0.0
G1267,0.0
G1266,0.0
G1265,0.0
G1264,0.0
G1263,0.0
G1262,0.0
G1261,0.0
G1260,0.0
G1291,0.0
G1293,0.0
G1258,0.0
G1308,0.0
G1320,0.0
G1319,0.0
G1318,0.0
G1317,0.0
G1316,0.0
G1315,0.0
G1314,0.0
G1313,0.0
G1312,0.0
G1311,0.0
G1310,0.0
G1309,0.0
G1307,0.0
G1294,0.0
G1306,0.0
G1305,0.0
G1304,0.0
G1303,0.0
G1302,0.0
G1301,0.0
G1300,0.0
G1299,0.0
G1298,0.0
G1297,0.0
G1296,0.0
G1295,0.0
G1259,0.0
G1257,0.0
G1196,0.0
G1213,0.0
G1225,0.0
G1224,0.0
G1223,0.0
G1222,0.0
G1221,0.0
G1220,0.0
G1219,0.0
G1218,0.0
G1217,0.0
G1216,0.0
G1215,0.0
G1214,0.0
G1212,0.0
G1227,0.0
G1210,0.0
G1208,0.0
G1207,0.0
G1206,0.0
G1205,0.0
G1204,0.0
G1202,0.0
G1201,0.0
G1200,0.0
G1199,0.0
G1198,0.0
G1197,0.0
G1226,0.0
G1228,0.0
G1256,0.0
G1243,0.0
G1255,0.0
G1254,0.0
G1253,0.0
G1252,0.0
G1251,0.0
G1250,0.0
G1249,0.0
G1248,0.0
G1247,0.0
G1246,0.0
G1245,0.0
G1244,0.0
G1242,0.0
G1229,0.0
G1241,0.0
G1240,0.0
G1239,0.0
G1238,0.0
G1237,0.0
G1236,0.0
G1235,0.0
G1234,0.0
G1233,0.0
G1232,0.0
G1231,0.0
G1230,0.0
G1580,0.0
G1581,0.0
G1582,0.0
G1915,0.0
G1929,0.0
G1927,0.0
G1926,0.0
G1924,0.0
G1923,0.0
G1922,0.0
G1921,0.0
G1920,0.0
G1919,0.0
G1918,0.0
G1917,0.0
G1916,0.0
G1914,0.0
G1931,0.0
G1913,0.0
G1912,0.0
G1910,0.0
G1909,0.0
G1908,0.0
G1907,0.0
G1906,0.0
G1905,0.0
G1904,0.0
G1903,0.0
G1902,0.0
G1901,0.0
G1930,0.0
G1933,0.0
G1899,0.0
G1949,0.0
G1963,0.0
G1962,0.0
G1961,0.0
G1960,0.0
G1959,0.0
G1958,0.0
G1956,0.0
G1955,0.0
G1953,0.0
G1952,0.0
G1951,0.0
G1950,0.0
G1948,0.0
G1934,0.0
G1946,0.0
G1945,0.0
G1944,0.0
G1943,0.0
G1942,0.0
G1941,0.0
G1940,0.0
G1939,0.0
G1938,0.0
G1937,0.0
G1936,0.0
G1935,0.0
G1900,0.0
G1897,0.0
G1965,0.0
G1849,0.0
G1861,0.0
G1860,0.0
G1859,0.0
G1858,0.0
G1857,0.0
G1856,0.0
G1855,0.0
G1854,0.0
G1853,0.0
G1852,0.0
G1851,0.0
G1850,0.0
G1848,0.0
G1864,0.0
G1847,0.0
G1846,0.0
G1845,0.0
G1844,0.0
G1843,0.0
G1842,0.0
G1841,0.0
G1840,0.0
G1839,0.0
G1838,0.0
G1837,0.0
G1836,0.0
G1863,0.0
G1865,0.0
G1896,0.0
G1883,0.0
G1895,0.0
G1894,0.0
G1893,0.0
G1892,0.0
G1891,0.0
G1890,0.0
G1889,0.0
G1888,0.0
G1887,0.0
G1886,0.0
G1885,0.0
G1884,0.0
G1882,0.0
G1866,0.0
G1881,0.0
G1880,0.0
G1879,0.0
G1878,0.0
G1877,0.0
G1874,0.0
G1873,0.0
G1872,0.0
G1871,0.0
G1870,0.0
G1869,0.0
G1867,0.0
G1964,0.0
G1966,0.0
G1834,0.0
G2046,0.0
G2062,0.0
G2061,0.0
G2060,0.0
G2059,0.0
G2057,0.0
G2055,0.0
G2054,0.0
G2052,0.0
G2051,0.0
G2050,0.0
G2049,0.0
G2047,0.0
G2045,0.0
G2064,0.0
G2044,0.0
G2043,0.0
G2042,0.0
G2041,0.0
G2040,0.0
G2039,0.0
G2038,0.0
G2037,0.0
G2036,0.0
G2035,0.0
G2033,0.0
G2032,0.0
G2063,0.0
G2065,0.0
G2030,0.0
G2080,0.0
G2095,0.0
G2094,0.0
G2093,0.0
G2091,0.0
G2090,0.0
G2089,0.0
G2088,0.0
G2086,0.0
G2084,0.0
G2083,0.0
G2082,0.0
G2081,0.0
G2079,0.0
G2066,0.0
G2078,0.0
G2077,0.0
G2076,0.0
G2075,0.0
G2074,0.0
G2073,0.0
G2072,0.0
G2071,0.0
G2070,0.0
G2069,0.0
G2068,0.0
G2067,0.0
G2031,0.0
G2029,0.0
G1967,0.0
G1983,0.0
G1996,0.0
G1995,0.0
G1994,0.0
G1993,0.0
G1992,0.0
G1991,0.0
G1990,0.0
G1989,0.0
G1987,0.0
G1986,0.0
G1985,0.0
G1984,0.0
G1982,0.0
G1998,0.0
G1981,0.0
G1980,0.0
G1979,0.0
G1978,0.0
G1977,0.0
G1976,0.0
G1975,0.0
G1974,0.0
G1973,0.0
G1972,0.0
G1969,0.0
G1968,0.0
G1997,0.0
G1999,0.0
G2028,0.0
G2015,0.0
G2027,0.0
G2026,0.0
G2025,0.0
G2024,0.0
G2023,0.0
G2022,0.0
G2021,0.0
G2020,0.0
G2019,0.0
G2018,0.0
G2017,0.0
G2016,0.0
G2014,0.0
G2000,0.0
G2013,0.0
G2012,0.0
G2011,0.0
G2010,0.0
G2009,0.0
G2008,0.0
G2007,0.0
G2006,0.0
G2004,0.0
G2003,0.0
G2002,0.0
G2001,0.0
G1835,0.0
G1832,0.0
G1583,0.0
G1662,0.0
G1674,0.0
G1673,0.0
G1672,0.0
G1671,0.0
G1670,0.0
G1669,0.0
G1668,0.0
G1667,0.0
G1666,0.0
G1665,0.0
G1664,0.0
G1663,0.0
G1661,0.0
G1676,0.0
G1660,0.0
G1659,0.0
G1658,0.0
G1657,0.0
G1656,0.0
G1655,0.0
G1654,0.0
G1653,0.0
G1651,0.0
G1650,0.0
G1649,0.0
G1648,0.0
G1675,0.0
G1677,0.0
G1646,0.0
G1692,0.0
G1704,0.0
G1703,0.0
G1702,0.0
G1701,0.0
G1700,0.0
G1699,0.0
G1698,0.0
G1697,0.0
G1696,0.0
G1695,0.0
G1694,0.0
G1693,0.0
G1691,0.0
G1678,0.0
G1690,0.0
G1689,0.0
G1688,0.0
G1687,0.0
G1686,0.0
G1685,0.0
G1684,0.0
G1683,0.0
G1682,0.0
G1681,0.0
G1680,0.0
G1679,0.0
G1647,0.0
G1645,0.0
G1706,0.0
G1598,0.0
G1610,0.0
G1609,0.0
G1608,0.0
G1607,0.0
G1606,0.0
G1605,0.0
G1604,0.0
G1603,0.0
G1602,0.0
G1601,0.0
G1600,0.0
G1599,0.0
G1597,0.0
G1612,0.0
G1596,0.0
G1595,0.0
G1594,0.0
G1593,0.0
G1592,0.0
G1591,0.0
G1590,0.0
G1589,0.0
G1588,0.0
G1587,0.0
G1586,0.0
G1584,0.0
G1611,0.0
G1613,0.0
G1644,0.0
G1629,0.0
G1643,0.0
G1640,0.0
G1639,0.0
G1638,0.0
G1637,0.0
G1636,0.0
G1635,0.0
G1634,0.0
G1633,0.0
G1632,0.0
G1631,0.0
G1630,0.0
G1628,0.0
G1614,0.0
G1627,0.0
G1626,0.0
G1625,0.0
G1624,0.0
G1623,0.0
G1622,0.0
G1621,0.0
G1620,0.0
G1618,0.0
G1617,0.0
G1616,0.0
G1615,0.0
G1705,0.0
G1707,0.0
G1831,0.0
G1785,0.0
G1798,0.0
G1797,0.0
G1796,0.0
G1795,0.0
G1794,0.0
G1793,0.0
G1792,0.0
G1791,0.0
G1790,0.0
G1788,0.0
G1787,0.0
G1786,0.0
G1784,0.0
G1800,0.0
G1783,0.0
G1782,0.0
G1781,0.0
G1780,0.0
G1779,0.0
G1778,0.0
G1777,0.0
G1776,0.0
G1775,0.0
G1774,0.0
G1772,0.0
G1771,0.0
G1799,0.0
G1801,0.0
G1769,0.0
G1816,0.0
G1830,0.0
G1829,0.0
G1828,0.0
G1827,0.0
G1826,0.0
G1824,0.0
G1823,0.0
G1822,0.0
G1821,0.0
G1819,0.0
G1818,0.0
G1817,0.0
G1815,0.0
G1802,0.0
G1814,0.0
G1813,0.0
G1812,0.0
G1811,0.0
G1810,0.0
G1809,0.0
G1808,0.0
G1807,0.0
G1806,0.0
G1805,0.0
G1804,0.0
G1803,0.0
G1770,0.0
G1768,0.0
G1708,0.0
G1722,0.0
G1736,0.0
G1735,0.0
G1734,0.0
G1733,0.0
G1732,0.0
G1731,0.0
G1730,0.0
G1729,0.0
G1727,0.0
G1726,0.0
G1725,0.0
G1724,0.0
G1721,0.0
G1738,0.0
G1720,0.0
G1719,0.0
G1718,0.0
G1717,0.0
G1716,0.0
G1715,0.0
G1714,0.0
G1713,0.0
G1712,0.0
G1711,0.0
G1710,0.0
G1709,0.0
G1737,0.0
G1739,0.0
G1767,0.0
G1754,0.0
G1766,0.0
G1765,0.0
G1764,0.0
G1763,0.0
G1762,0.0
G1761,0.0
G1760,0.0
G1759,0.0
G1758,0.0
G1757,0.0
G1756,0.0
G1755,0.0
G1753,0.0
G1740,0.0
G1752,0.0
G1751,0.0
G1750,0.0
G1749,0.0
G1748,0.0
G1747,0.0
G1746,0.0
G1745,0.0
G1744,0.0
G1743,0.0
G1742,0.0
G1741,0.0
G1066,0.0
G1064,0.0
G4155,0.0
G1063,0.0
G379,0.0
G378,0.0
G377,0.0
G376,0.0
G375,0.0
G373,0.0
G372,0.0
G371,0.0
G370,0.0
G369,0.0
G368,0.0
G367,0.0
G366,0.0
G365,0.0
G364,0.0
G363,0.0
G362,0.0
G361,0.0
G360,0.0
G359,0.0
G358,0.0
G357,0.0
G356,0.0
G355,0.0
G354,0.0
G353,0.0
G352,0.0
G380,0.0
G381,0.0
G382,0.0
G399,0.0
G413,0.0
G412,0.0
G411,0.0
G410,0.0
G409,0.0
G408,0.0
G407,0.0
G406,0.0
G405,0.0
G403,0.0
G402,0.0
G401,0.0
G398,0.0
G383,0.0
G397,0.0
G396,0.0
G395,0.0
G394,0.0
G393,0.0
G392,0.0
G391,0.0
G390,0.0
G388,0.0
G387,0.0
G386,0.0
G385,0.0
G351,0.0
G350,0.0
G349,0.0
G297,0.0
G312,0.0
G311,0.0
G308,0.0
G306,0.0
G305,0.0
G304,0.0
G303,0.0
G302,0.0
G301,0.0
G300,0.0
G299,0.0
G298,0.0
G296,0.0
G314,0.0
G295,0.0
G293,0.0
G292,0.0
G290,0.0
G289,0.0
G288,0.0
G287,0.0
G286,0.0
G284,0.0
G283,0.0
G282,0.0
G281,0.0
G313,0.0
G315,0.0
G348,0.0
G330,0.0
G347,0.0
G345,0.0
G344,0.0
G342,0.0
G341,0.0
G340,0.0
G339,0.0
G338,0.0
G337,0.0
G336,0.0
G334,0.0
G332,0.0
G329,0.0
G316,0.0
G328,0.0
G327,0.0
G326,0.0
G325,0.0
G324,0.0
G323,0.0
G322,0.0
G321,0.0
G320,0.0
G319,0.0
G318,0.0
G317,0.0
G414,0.0
G415,0.0
G416,0.0
G496,0.0
G510,0.0
G509,0.0
G508,0.0
G507,0.0
G506,0.0
G504,0.0
G503,0.0
G502,0.0
G501,0.0
G500,0.0
G499,0.0
G498,0.0
G495,0.0
G513,0.0
G494,0.0
G493,0.0
G492,0.0
G491,0.0
G490,0.0
G489,0.0
G488,0.0
G487,0.0
G486,0.0
G485,0.0
G484,0.0
G483,0.0
G511,0.0
G514,0.0
G480,0.0
G529,0.0
G542,0.0
G541,0.0
G540,0.0
G539,0.0
G538,0.0
G537,0.0
G536,0.0
G535,0.0
G534,0.0
G533,0.0
G532,0.0
G531,0.0
G528,0.0
G515,0.0
G527,0.0
G526,0.0
G525,0.0
G524,0.0
G523,0.0
G522,0.0
G521,0.0
G520,0.0
G519,0.0
G518,0.0
G517,0.0
G516,0.0
G482,0.0
G479,0.0
G417,0.0
G433,0.0
G446,0.0
G445,0.0
G444,0.0
G443,0.0
G442,0.0
G441,0.0
G440,0.0
G438,0.0
G437,0.0
G436,0.0
G435,0.0
G434,0.0
G432,0.0
G449,0.0
G431,0.0
G429,0.0
G428,0.0
G427,0.0
G426,0.0
G425,0.0
G424,0.0
G423,0.0
G422,0.0
G421,0.0
G419,0.0
G418,0.0
G448,0.0
G450,0.0
G478,0.0
G465,0.0
G477,0.0
G476,0.0
G475,0.0
G474,0.0
G473,0.0
G472,0.0
G471,0.0
G470,0.0
G469,0.0
G468,0.0
G467,0.0
G466,0.0
G464,0.0
G451,0.0
G463,0.0
G462,0.0
G461,0.0
G460,0.0
G459,0.0
G458,0.0
G457,0.0
G456,0.0
G455,0.0
G454,0.0
G453,0.0
G452,0.0
G280,0.0
G279,0.0
G278,0.0
G91,0.0
G105,0.0
G104,0.0
G103,0.0
G102,0.0
G101,0.0
G100,0.0
G99,0.0
G98,0.0
G97,0.0
G96,0.0
G95,0.0
G92,0.0
G89,0.0
G107,0.0
G88,0.0
G87,0.0
G86,0.0
G85,0.0
G83,0.0
G82,0.0
G81,0.0
G80,0.0
G79,0.0
G78,0.0
G77,0.0
G76,0.0
G106,0.0
G108,0.0
G73,0.0
G127,0.0
G140,0.0
G139,0.0
G138,0.0
G137,0.0
G136,0.0
G135,0.0
G134,0.0
G132,0.0
G131,0.0
G130,0.0
G129,0.0
G128,0.0
G126,0.0
G112,0.0
G125,0.0
G124,0.0
G123,0.0
G122,0.0
G121,0.0
G120,0.0
G119,0.0
G117,0.0
G116,0.0
G115,0.0
G114,0.0
G113,0.0
G75,0.0
G72,0.0
G142,0.0
G19,0.0
G33,0.0
G32,0.0
G29,0.0
G28,0.0
G27,0.0
G26,0.0
G25,0.0
G24,0.0
G23,0.0
G22,0.0
G21,0.0
G20,0.0
G18,0.0
G35,0.0
G17,0.0
G16,0.0
G15,0.0
G14,0.0
G13,0.0
G12,0.0
G10,0.0
G9,0.0
G7,0.0
G6,0.0
G4,0.0
G3,0.0
G34,0.0
G36,0.0
G71,0.0
G57,0.0
G70,0.0
G69,0.0
G67,0.0
G66,0.0
G65,0.0
G64,0.0
G63,0.0
G62,0.0
G61,0.0
G60,0.0
G59,0.0
G58,0.0
G54,0.0
G37,0.0
G53,0.0
G52,0.0
G50,0.0
G49,0.0
G48,0.0
G47,0.0
G45,0.0
G43,0.0
G42,0.0
G40,0.0
G39,0.0
G38,0.0
G141,0.0
G143,0.0
G277,0.0
G229,0.0
G243,0.0
G242,0.0
G241,0.0
G240,0.0
G239,0.0
G238,0.0
G237,0.0
G236,0.0
G234,0.0
G233,0.0
G232,0.0
G230,0.0
G228,0.0
G245,0.0
G227,0.0
G226,0.0
G225,0.0
G224,0.0
G223,0.0
G222,0.0
G221,0.0
G219,0.0
G218,0.0
G217,0.0
G216,0.0
G215,0.0
G244,0.0
G246,0.0
G213,0.0
G262,0.0
G276,0.0
G275,0.0
G274,0.0
G273,0.0
G271,0.0
G270,0.0
G269,0.0
G268,0.0
G267,0.0
G266,0.0
G265,0.0
G264,0.0
G261,0.0
G247,0.0
G260,0.0
G259,0.0
G258,0.0
G257,0.0
G255,0.0
G254,0.0
G253,0.0
G252,0.0
G251,0.0
G250,0.0
G249,0.0
G248,0.0
G214,0.0
G212,0.0
G144,0.0
G162,0.0
G175,0.0
G174,0.0
G173,0.0
G172,0.0
G171,0.0
G170,0.0
G169,0.0
G168,0.0
G167,0.0
G165,0.0
G164,0.0
G163,0.0
G161,0.0
G177,0.0
G159,0.0
G158,0.0
G157,0.0
G156,0.0
G155,0.0
G154,0.0
G152,0.0
G151,0.0
G149,0.0
G147,0.0
G146,0.0
G145,0.0
G176,0.0
G178,0.0
G211,0.0
G197,0.0
G210,0.0
G209,0.0
G208,0.0
G206,0.0
G205,0.0
G204,0.0
G203,0.0
G202,0.0
G201,0.0
G200,0.0
G199,0.0
G198,0.0
G196,0.0
G179,0.0
G195,0.0
G193,0.0
G192,0.0
G191,0.0
G190,0.0
G189,0.0
G187,0.0
G185,0.0
G184,0.0
G183,0.0
G182,0.0
G181,0.0
G543,0.0
G544,0.0
G546,0.0
G890,0.0
G902,0.0
G901,0.0
G900,0.0
G899,0.0
G898,0.0
G897,0.0
G896,0.0
G895,0.0
G894,0.0
G893,0.0
G892,0.0
G891,0.0
G889,0.0
G904,0.0
G888,0.0
G887,0.0
G886,0.0
G885,0.0
G883,0.0
G882,0.0
G881,0.0
G880,0.0
G879,0.0
G878,0.0
G877,0.0
G876,0.0
G903,0.0
G905,0.0
G873,0.0
G921,0.0
G933,0.0
G932,0.0
G931,0.0
G930,0.0
G929,0.0
G928,0.0
G927,0.0
G926,0.0
G925,0.0
G924,0.0
G923,0.0
G922,0.0
G920,0.0
G906,0.0
G919,0.0
G918,0.0
G916,0.0
G915,0.0
G914,0.0
G913,0.0
G912,0.0
G911,0.0
G910,0.0
G909,0.0
G908,0.0
G907,0.0
G874,0.0
G872,0.0
G935,0.0
G824,0.0
G836,0.0
G835,0.0
G834,0.0
G833,0.0
G832,0.0
G831,0.0
G830,0.0
G829,0.0
G828,0.0
G827,0.0
G826,0.0
G825,0.0
G823,0.0
G839,0.0
G822,0.0
G821,0.0
G819,0.0
G818,0.0
G817,0.0
G816,0.0
G815,0.0
G814,0.0
G813,0.0
G812,0.0
G811,0.0
G810,0.0
G837,0.0
G840,0.0
G871,0.0
G857,0.0
G870,0.0
G869,0.0
G868,0.0
G867,0.0
G865,0.0
G864,0.0
G863,0.0
G862,0.0
G861,0.0
G860,0.0
G859,0.0
G858,0.0
G856,0.0
G841,0.0
G855,0.0
G854,0.0
G852,0.0
G851,0.0
G850,0.0
G849,0.0
G848,0.0
G847,0.0
G846,0.0
G845,0.0
G844,0.0
G842,0.0
G934,0.0
G936,0.0
G808,0.0
G1017,0.0
G1030,0.0
G1029,0.0
G1028,0.0
G1027,0.0
G1026,0.0
G1025,0.0
G1024,0.0
G1023,0.0
G1022,0.0
G1021,0.0
G1020,0.0
G1019,0.0
G1015,0.0
G1032,0.0
G1014,0.0
G1013,0.0
G1012,0.0
G1011,0.0
G1009,0.0
G1008,0.0
G1007,0.0
G1006,0.0
G1005,0.0
G1004,0.0
G1002,0.0
G1001,0.0
G1031,0.0
G1033,0.0
G999,0.0
G1049,0.0
G1062,0.0
G1061,0.0
G1060,0.0
G1059,0.0
G1057,0.0
G1056,0.0
G1055,0.0
G1054,0.0
G1053,0.0
G1052,0.0
G1051,0.0
G1050,0.0
G1048,0.0
G1034,0.0
G1047,0.0
G1046,0.0
G1045,0.0
G1043,0.0
G1042,0.0
G1041,0.0
G1040,0.0
G1039,0.0
G1038,0.0
G1037,0.0
G1036,0.0
G1035,0.0
G1000,0.0
G998,0.0
G937,0.0
G952,0.0
G965,0.0
G964,0.0
G962,0.0
G961,0.0
G960,0.0
G959,0.0
G958,0.0
G957,0.0
G956,0.0
G955,0.0
G954,0.0
G953,0.0
G951,0.0
G967,0.0
G950,0.0
G949,0.0
G948,0.0
G947,0.0
G946,0.0
G945,0.0
G944,0.0
G943,0.0
G942,0.0
G941,0.0
G940,0.0
G938,0.0
G966,0.0
G968,0.0
G997,0.0
G984,0.0
G996,0.0
G995,0.0
G994,0.0
G993,0.0
G992,0.0
G991,0.0
G990,0.0
G989,0.0
G988,0.0
G987,0.0
G986,0.0
G985,0.0
G983,0.0
G969,0.0
G982,0.0
G980,0.0
G979,0.0
G978,0.0
G977,0.0
G976,0.0
G975,0.0
G974,0.0
G973,0.0
G972,0.0
G971,0.0
G970,0.0
G809,0.0
G807,0.0
G547,0.0
G628,0.0
G641,0.0
G640,0.0
G639,0.0
G638,0.0
G637,0.0
G636,0.0
G635,0.0
G634,0.0
G633,0.0
G632,0.0
G631,0.0
G629,0.0
G627,0.0
G643,0.0
G626,0.0
G625,0.0
G624,0.0
G623,0.0
G622,0.0
G620,0.0
G619,0.0
G618,0.0
G617,0.0
G616,0.0
G615,0.0
G614,0.0
G642,0.0
G644,0.0
G612,0.0
G661,0.0
G674,0.0
G673,0.0
G672,0.0
G671,0.0
G670,0.0
G668,0.0
G667,0.0
G666,0.0
G665,0.0
G664,0.0
G663,0.0
G662,0.0
G660,0.0
G645,0.0
G659,0.0
G658,0.0
G657,0.0
G656,0.0
G655,0.0
G654,0.0
G653,0.0
G652,0.0
G651,0.0
G650,0.0
G648,0.0
G646,0.0
G613,0.0
G611,0.0
G676,0.0
G562,0.0
G575,0.0
G574,0.0
G573,0.0
G572,0.0
G571,0.0
G570,0.0
G569,0.0
G568,0.0
G567,0.0
G566,0.0
G564,0.0
G563,0.0
G561,0.0
G577,0.0
G560,0.0
G559,0.0
G558,0.0
G556,0.0
G555,0.0
G554,0.0
G553,0.0
G552,0.0
G551,0.0
G550,0.0
G549,0.0
G548,0.0
G576,0.0
G579,0.0
G610,0.0
G596,0.0
G609,0.0
G607,0.0
G606,0.0
G605,0.0
G604,0.0
G603,0.0
G602,0.0
G601,0.0
G600,0.0
G599,0.0
G598,0.0
G597,0.0
G594,0.0
G580,0.0
G593,0.0
G592,0.0
G591,0.0
G590,0.0
G589,0.0
G588,0.0
G587,0.0
G585,0.0
G584,0.0
G583,0.0
G582,0.0
G581,0.0
G675,0.0
G677,0.0
G806,0.0
G759,0.0
G772,0.0
G771,0.0
G770,0.0
G769,0.0
G768,0.0
G767,0.0
G766,0.0
G764,0.0
G763,0.0
G762,0.0
G761,0.0
G760,0.0
G758,0.0
G774,0.0
G757,0.0
G756,0.0
G755,0.0
G754,0.0
G753,0.0
G752,0.0
G751,0.0
G750,0.0
G749,0.0
G748,0.0
G747,0.0
G746,0.0
G773,0.0
G775,0.0
G744,0.0
G791,0.0
G805,0.0
G804,0.0
G803,0.0
G802,0.0
G801,0.0
G800,0.0
G799,0.0
G797,0.0
G796,0.0
G795,0.0
G794,0.0
G792,0.0
G790,0.0
G776,0.0
G789,0.0
G788,0.0
G787,0.0
G786,0.0
G785,0.0
G783,0.0
G782,0.0
G781,0.0
G780,0.0
G779,0.0
G778,0.0
G777,0.0
G745,0.0
G741,0.0
G678,0.0
G693,0.0
G705,0.0
G704,0.0
G703,0.0
G702,0.0
G701,0.0
G700,0.0
G699,0.0
G698,0.0
G697,0.0
G696,0.0
G695,0.0
G694,0.0
G692,0.0
G707,0.0
G691,0.0
G690,0.0
G689,0.0
G688,0.0
G687,0.0
G686,0.0
G685,0.0
G684,0.0
G682,0.0
G681,0.0
G680,0.0
G679,0.0
G706,0.0
G708,0.0
G740,0.0
G724,0.0
G739,0.0
G738,0.0
G736,0.0
G735,0.0
G734,0.0
G733,0.0
G732,0.0
G730,0.0
G729,0.0
G728,0.0
G726,0.0
G725,0.0
G723,0.0
G709,0.0
G722,0.0
G721,0.0
G720,0.0
G718,0.0
G717,0.0
G716,0.0
G715,0.0
G714,0.0
G713,0.0
G712,0.0
G711,0.0
G710,0.0
G2096,0.0
G2098,0.0
G2099,0.0
G2100,0.0
G3476,0.0
G3475,0.0
G3474,0.0
G3471,0.0
G3470,0.0
G3469,0.0
G3468,0.0
G3467,0.0
G3466,0.0
G3464,0.0
G3462,0.0
G3461,0.0
G3460,0.0
G3459,0.0
G3458,0.0
G3456,0.0
G3455,0.0
G3454,0.0
G3453,0.0
G3452,0.0
G3451,0.0
G3450,0.0
G3449,0.0
G3448,0.0
G3447,0.0
G3446,0.0
G3445,0.0
G3477,0.0
G3478,0.0
G3479,0.0
G3495,0.0
G3507,0.0
G3506,0.0
G3505,0.0
G3504,0.0
G3503,0.0
G3502,0.0
G3501,0.0
G3500,0.0
G3499,0.0
G3498,0.0
G3497,0.0
G3496,0.0
G3494,0.0
G3480,0.0
G3493,0.0
G3491,0.0
G3490,0.0
G3489,0.0
G3488,0.0
G3487,0.0
G3486,0.0
G3485,0.0
G3484,0.0
G3483,0.0
G3482,0.0
G3481,0.0
G3444,0.0
G3443,0.0
G3442,0.0
G3395,0.0
G3407,0.0
G3406,0.0
G3405,0.0
G3404,0.0
G3403,0.0
G3402,0.0
G3401,0.0
G3400,0.0
G3399,0.0
G3398,0.0
G3397,0.0
G3396,0.0
G3394,0.0
G3410,0.0
G3393,0.0
G3392,0.0
G3391,0.0
G3390,0.0
G3389,0.0
G3388,0.0
G3387,0.0
G3386,0.0
G3384,0.0
G3383,0.0
G3382,0.0
G3381,0.0
G3409,0.0
G3411,0.0
G3441,0.0
G3427,0.0
G3440,0.0
G3439,0.0
G3438,0.0
G3437,0.0
G3436,0.0
G3435,0.0
G3434,0.0
G3433,0.0
G3432,0.0
G3431,0.0
G3430,0.0
G3428,0.0
G3426,0.0
G3412,0.0
G3425,0.0
G3424,0.0
G3423,0.0
G3422,0.0
G3421,0.0
G3420,0.0
G3418,0.0
G3417,0.0
G3416,0.0
G3415,0.0
G3414,0.0
G3413,0.0
G3508,0.0
G3509,0.0
G3510,0.0
G3589,0.0
G3601,0.0
G3600,0.0
G3599,0.0
G3598,0.0
G3597,0.0
G3596,0.0
G3595,0.0
G3594,0.0
G3593,0.0
G3592,0.0
G3591,0.0
G3590,0.0
G3588,0.0
G3603,0.0
G3587,0.0
G3586,0.0
G3585,0.0
G3584,0.0
G3583,0.0
G3582,0.0
G3581,0.0
G3580,0.0
G3579,0.0
G3578,0.0
G3577,0.0
G3576,0.0
G3602,0.0
G3604,0.0
G3574,0.0
G3620,0.0
G3632,0.0
G3631,0.0
G3630,0.0
G3629,0.0
G3628,0.0
G3627,0.0
G3626,0.0
G3625,0.0
G3624,0.0
G3623,0.0
G3622,0.0
G3621,0.0
G3619,0.0
G3605,0.0
G3618,0.0
G3617,0.0
G3616,0.0
G3615,0.0
G3614,0.0
G3613,0.0
G3612,0.0
G3610,0.0
G3609,0.0
G3608,0.0
G3607,0.0
G3606,0.0
G3575,0.0
G3573,0.0
G3511,0.0
G3525,0.0
G3537,0.0
G3536,0.0
G3535,0.0
G3534,0.0
G3533,0.0
G3532,0.0
G3531,0.0
G3530,0.0
G3529,0.0
G3528,0.0
G3527,0.0
G3526,0.0
G3524,0.0
G3540,0.0
G3523,0.0
G3522,0.0
G3521,0.0
G3520,0.0
G3519,0.0
G3518,0.0
G3517,0.0
G3516,0.0
G3515,0.0
G3514,0.0
G3513,0.0
G3512,0.0
G3539,0.0
G3542,0.0
G3572,0.0
G3557,0.0
G3571,0.0
G3570,0.0
G3569,0.0
G3568,0.0
G3567,0.0
G3566,0.0
G3565,0.0
G3564,0.0
G3563,0.0
G3562,0.0
G3561,0.0
G3558,0.0
G3556,0.0
G3543,0.0
G3555,0.0
G3554,0.0
G3553,0.0
G3552,0.0
G3551,0.0
G3550,0.0
G3549,0.0
G3548,0.0
G3547,0.0
G3546,0.0
G3545,0.0
G3544,0.0
G3380,0.0
G3379,0.0
G3378,0.0
G3207,0.0
G3219,0.0
G3218,0.0
G3217,0.0
G3216,0.0
G3215,0.0
G3214,0.0
G3213,0.0
G3212,0.0
G3211,0.0
G3210,0.0
G3209,0.0
G3208,0.0
G3206,0.0
G3221,0.0
G3205,0.0
G3204,0.0
G3203,0.0
G3202,0.0
G3201,0.0
G3200,0.0
G3199,0.0
G3198,0.0
G3197,0.0
G3196,0.0
G3195,0.0
G3193,0.0
G3220,0.0
G3222,0.0
G3191,0.0
G3239,0.0
G3252,0.0
G3251,0.0
G3250,0.0
G3249,0.0
G3248,0.0
G3247,0.0
G3246,0.0
G3245,0.0
G3243,0.0
G3242,0.0
G3241,0.0
G3240,0.0
G3238,0.0
G3223,0.0
G3237,0.0
G3236,0.0
G3235,0.0
G3234,0.0
G3233,0.0
G3231,0.0
G3230,0.0
G3229,0.0
G3228,0.0
G3227,0.0
G3225,0.0
G3224,0.0
G3192,0.0
G3190,0.0
G3254,0.0
G3143,0.0
G3155,0.0
G3154,0.0
G3153,0.0
G3152,0.0
G3151,0.0
G3150,0.0
G3149,0.0
G3148,0.0
G3147,0.0
G3146,0.0
G3145,0.0
G3144,0.0
G3142,0.0
G3157,0.0
G3141,0.0
G3140,0.0
G3139,0.0
G3138,0.0
G3137,0.0
G3136,0.0
G3135,0.0
G3134,0.0
G3133,0.0
G3132,0.0
G3131,0.0
G3130,0.0
G3156,0.0
G3158,0.0
G3188,0.0
G3173,0.0
G3187,0.0
G3186,0.0
G3185,0.0
G3184,0.0
G3182,0.0
G3181,0.0
G3180,0.0
G3179,0.0
G3177,0.0
G3176,0.0
G3175,0.0
G3174,0.0
G3172,0.0
G3159,0.0
G3171,0.0
G3170,0.0
G3169,0.0
G3168,0.0
G3167,0.0
G3166,0.0
G3165,0.0
G3164,0.0
G3163,0.0
G3162,0.0
G3161,0.0
G3160,0.0
G3253,0.0
G3255,0.0
G3377,0.0
G3333,0.0
G3345,0.0
G3344,0.0
G3343,0.0
G3342,0.0
G3341,0.0
G3340,0.0
G3339,0.0
G3338,0.0
G3337,0.0
G3336,0.0
G3335,0.0
G3334,0.0
G3332,0.0
G3347,0.0
G3331,0.0
G3330,0.0
G3328,0.0
G3327,0.0
G3326,0.0
G3325,0.0
G3324,0.0
G3323,0.0
G3322,0.0
G3321,0.0
G3320,0.0
G3319,0.0
G3346,0.0
G3348,0.0
G3317,0.0
G3363,0.0
G3376,0.0
G3375,0.0
G3374,0.0
G3373,0.0
G3372,0.0
G3371,0.0
G3370,0.0
G3369,0.0
G3368,0.0
G3367,0.0
G3366,0.0
G3364,0.0
G3362,0.0
G3349,0.0
G3361,0.0
G3360,0.0
G3359,0.0
G3358,0.0
G3357,0.0
G3356,0.0
G3355,0.0
G3354,0.0
G3353,0.0
G3352,0.0
G3351,0.0
G3350,0.0
G3318,0.0
G3316,0.0
G3256,0.0
G3270,0.0
G3283,0.0
G3282,0.0
G3281,0.0
G3280,0.0
G3279,0.0
G3278,0.0
G3277,0.0
G3276,0.0
G3275,0.0
G3274,0.0
G3272,0.0
G3271,0.0
G3269,0.0
G3285,0.0
G3268,0.0
G3267,0.0
G3266,0.0
G3265,0.0
G3264,0.0
G3263,0.0
G3262,0.0
G3261,0.0
G3260,0.0
G3259,0.0
G3258,0.0
G3257,0.0
G3284,0.0
G3286,0.0
G3315,0.0
G3301,0.0
G3314,0.0
G3313,0.0
G3312,0.0
G3311,0.0
G3310,0.0
G3309,0.0
G3308,0.0
G3307,0.0
G3306,0.0
G3305,0.0
G3303,0.0
G3302,0.0
G3300,0.0
G3287,0.0
G3299,0.0
G3298,0.0
G3297,0.0
G3296,0.0
G3295,0.0
G3294,0.0
G3293,0.0
G3292,0.0
G3291,0.0
G3290,0.0
G3289,0.0
G3288,0.0
G3633,0.0
G3634,0.0
G3635,0.0
G3984,0.0
G3997,0.0
G3996,0.0
G3995,0.0
G3994,0.0
G3993,0.0
G3991,0.0
G3990,0.0
G3989,0.0
G3988,0.0
G3987,0.0
G3986,0.0
G3985,0.0
G3983,0.0
G1,0.0
G3982,0.0
G3981,0.0
G3980,0.0
G3978,0.0
G3976,0.0
G3975,0.0
G3974,0.0
G3973,0.0
G3972,0.0
G3971,0.0
G3970,0.0
G3969,0.0
G3998,0.0
G4001,0.0
G3964,0.0
G4016,0.0
G4028,0.0
G4027,0.0
G4026,0.0
G4025,0.0
G4024,0.0
G4023,0.0
G4022,0.0
G4021,0.0
G4020,0.0
G4019,0.0
G4018,0.0
G4017,0.0
G4015,0.0
G4002,0.0
G4014,0.0
G4013,0.0
G4012,0.0
G4011,0.0
G4010,0.0
G4009,0.0
G4008,0.0
G4007,0.0
G4006,0.0
G4005,0.0
G4004,0.0
G4003,0.0
G3965,0.0
G3963,0.0
G4030,0.0
G3916,0.0
G3930,0.0
G3929,0.0
G3928,0.0
G3927,0.0
G3926,0.0
G3925,0.0
G3923,0.0
G3922,0.0
G3921,0.0
G3920,0.0
G3919,0.0
G3917,0.0
G3915,0.0
G3932,0.0
G3914,0.0
G3913,0.0
G3912,0.0
G3911,0.0
G3910,0.0
G3909,0.0
G3908,0.0
G3906,0.0
G3905,0.0
G3904,0.0
G3903,0.0
G3902,0.0
G3931,0.0
G3933,0.0
G3962,0.0
G3949,0.0
G3961,0.0
G3960,0.0
G3959,0.0
G3958,0.0
G3957,0.0
G3956,0.0
G3955,0.0
G3954,0.0
G3953,0.0
G3952,0.0
G3951,0.0
G3950,0.0
G3948,0.0
G3934,0.0
G3947,0.0
G3946,0.0
G3945,0.0
G3944,0.0
G3943,0.0
G3942,0.0
G3941,0.0
G3940,0.0
G3938,0.0
G3937,0.0
G3936,0.0
G3935,0.0
G4029,0.0
G4031,0.0
G3900,0.0
G4111,0.0
G4123,0.0
G4122,0.0
G4121,0.0
G4120,0.0
G4119,0.0
G4118,0.0
G4117,0.0
G4116,0.0
G4115,0.0
G4114,0.0
G4113,0.0
G4112,0.0
G4110,0.0
G4125,0.0
G4109,0.0
G4108,0.0
G4107,0.0
G4106,0.0
G4105,0.0
G4104,0.0
G4103,0.0
G4102,0.0
G4100,0.0
G4099,0.0
G4098,0.0
G4097,0.0
G4124,0.0
G4126,0.0
G4095,0.0
G4141,0.0
G4154,0.0
G4153,0.0
G4152,0.0
G4151,0.0
G4150,0.0
G4149,0.0
G4148,0.0
G4147,0.0
G4146,0.0
G4145,0.0
G4144,0.0
G4142,0.0
G4140,0.0
G4127,0.0
G4139,0.0
G4138,0.0
G4137,0.0
G4136,0.0
G4135,0.0
G4134,0.0
G4133,0.0
G4132,0.0
G4131,0.0
G4130,0.0
G4129,0.0
G4128,0.0
G4096,0.0
G4094,0.0
G4032,0.0
G4047,0.0
G4059,0.0
G4058,0.0
G4057,0.0
G4056,0.0
G4055,0.0
G4054,0.0
G4053,0.0
G4052,0.0
G4051,0.0
G4050,0.0
G4049,0.0
G4048,0.0
G4046,0.0
G4061,0.0
G4045,0.0
G4044,0.0
G4043,0.0
G4041,0.0
G4040,0.0
G4039,0.0
G4038,0.0
G4037,0.0
G4036,0.0
G4035,0.0
G4034,0.0
G4033,0.0
G4060,0.0
G4062,0.0
G4093,0.0
G4079,0.0
G4092,0.0
G4090,0.0
G4089,0.0
G4088,0.0
G4087,0.0
G4086,0.0
G4085,0.0
G4084,0.0
G4083,0.0
G4082,0.0
G4081,0.0
G4080,0.0
G4077,0.0
G4063,0.0
G4076,0.0
G4075,0.0
G4074,0.0
G4073,0.0
G4072,0.0
G4071,0.0
G4070,0.0
G4069,0.0
G4068,0.0
G4067,0.0
G4066,0.0
G4064,0.0
G3901,0.0
G3899,0.0
G3636,0.0
G3714,0.0
G3729,0.0
G3728,0.0
G3727,0.0
G3726,0.0
G3725,0.0
G3724,0.0
G3723,0.0
G3720,0.0
G3719,0.0
G3718,0.0
G3716,0.0
G3715,0.0
G3713,0.0
G3731,0.0
G3712,0.0
G3711,0.0
G3710,0.0
G3709,0.0
G3708,0.0
G3707,0.0
G3706,0.0
G3705,0.0
G3704,0.0
G3703,0.0
G3702,0.0
G3701,0.0
G3730,0.0
G3732,0.0
G3699,0.0
G3751,0.0
G3764,0.0
G3763,0.0
G3762,0.0
G3761,0.0
G3760,0.0
G3759,0.0
G3758,0.0
G3757,0.0
G3756,0.0
G3754,0.0
G3753,0.0
G3752,0.0
G3748,0.0
G3733,0.0
G3747,0.0
G3746,0.0
G3745,0.0
G3744,0.0
G3743,0.0
G3742,0.0
G3741,0.0
G3740,0.0
G3738,0.0
G3737,0.0
G3735,0.0
G3734,0.0
G3700,0.0
G3698,0.0
G3766,0.0
G3652,0.0
G3664,0.0
G3663,0.0
G3662,0.0
G3661,0.0
G3660,0.0
G3659,0.0
G3658,0.0
G3657,0.0
G3656,0.0
G3655,0.0
G3654,0.0
G3653,0.0
G3650,0.0
G3666,0.0
G3649,0.0
G3648,0.0
G3646,0.0
G3645,0.0
G3644,0.0
G3643,0.0
G3642,0.0
G3641,0.0
G3640,0.0
G3639,0.0
G3638,0.0
G3637,0.0
G3665,0.0
G3667,0.0
G3697,0.0
G3684,0.0
G3696,0.0
G3695,0.0
G3694,0.0
G3693,0.0
G3692,0.0
G3691,0.0
G3690,0.0
G3689,0.0
G3688,0.0
G3687,0.0
G3686,0.0
G3685,0.0
G3683,0.0
G3669,0.0
G3681,0.0
G3680,0.0
G3679,0.0
G3678,0.0
G3677,0.0
G3676,0.0
G3675,0.0
G3674,0.0
G3673,0.0
G3672,0.0
G3671,0.0
G3670,0.0
G3765,0.0
G3767,0.0
G3898,0.0
G3849,0.0
G3861,0.0
G3860,0.0
G3859,0.0
G3858,0.0
G3857,0.0
G3856,0.0
G3855,0.0
G3854,0.0
G3853,0.0
G3852,0.0
G3851,0.0
G3850,0.0
G3848,0.0
G3863,0.0
G3847,0.0
G3846,0.0
G3845,0.0
G3844,0.0
G3843,0.0
G3842,0.0
G3841,0.0
G3840,0.0
G3839,0.0
G3838,0.0
G3837,0.0
G3835,0.0
G3862,0.0
G3864,0.0
G3833,0.0
G3884,0.0
G3897,0.0
G3896,0.0
G3894,0.0
G3893,0.0
G3892,0.0
G3891,0.0
G3890,0.0
G3889,0.0
G3888,0.0
G3887,0.0
G3886,0.0
G3885,0.0
G3882,0.0
G3865,0.0
G3881,0.0
G3880,0.0
G3879,0.0
G3878,0.0
G3876,0.0
G3875,0.0
G3874,0.0
G3873,0.0
G3872,0.0
G3868,0.0
G3867,0.0
G3866,0.0
G3834,0.0
G3832,0.0
G3768,0.0
G3782,0.0
G3795,0.0
G3794,0.0
G3793,0.0
G3792,0.0
G3791,0.0
G3790,0.0
G3789,0.0
G3787,0.0
G3786,0.0
G3785,0.0
G3784,0.0
G3783,0.0
G3781,0.0
G3798,0.0
G3780,0.0
G3779,0.0
G3778,0.0
G3777,0.0
G3776,0.0
G3775,0.0
G3774,0.0
G3773,0.0
G3772,0.0
G3771,0.0
G3770,0.0
G3769,0.0
G3796,0.0
G3799,0.0
G3831,0.0
G3816,0.0
G3830,0.0
G3829,0.0
G3828,0.0
G3827,0.0
G3826,0.0
G3825,0.0
G3824,0.0
G3823,0.0
G3822,0.0
G3820,0.0
G3818,0.0
G3817,0.0
G3815,0.0
G3800,0.0
G3814,0.0
G3813,0.0
G3811,0.0
G3810,0.0
G3809,0.0
G3808,0.0
G3807,0.0
G3806,0.0
G3805,0.0
G3804,0.0
G3802,0.0
G3801,0.0
G3129,0.0
G3128,0.0
G3127,0.0
G2437,0.0
G2451,0.0
G2450,0.0
G2449,0.0
G2448,0.0
G2447,0.0
G2445,0.0
G2444,0.0
G2443,0.0
G2442,0.0
G2440,0.0
G2439,0.0
G2438,0.0
G2436,0.0
G2453,0.0
G2435,0.0
G2434,0.0
G2433,0.0
G2432,0.0
G2431,0.0
G2430,0.0
G2429,0.0
G2428,0.0
G2427,0.0
G2426,0.0
G2425,0.0
G2424,0.0
G2452,0.0
G2454,0.0
G2421,0.0
G2470,0.0
G2482,0.0
G2481,0.0
G2480,0.0
G2479,0.0
G2478,0.0
G2477,0.0
G2476,0.0
G2475,0.0
G2474,0.0
G2473,0.0
G2472,0.0
G2471,0.0
G2469,0.0
G2455,0.0
G2468,0.0
G2467,0.0
G2465,0.0
G2464,0.0
G2463,0.0
G2462,0.0
G2461,0.0
G2460,0.0
G2459,0.0
G2458,0.0
G2457,0.0
G2456,0.0
G2422,0.0
G2420,0.0
G2484,0.0
G2372,0.0
G2384,0.0
G2383,0.0
G2382,0.0
G2381,0.0
G2380,0.0
G2379,0.0
G2378,0.0
G2377,0.0
G2376,0.0
G2375,0.0
G2374,0.0
G2373,0.0
G2371,0.0
G2386,0.0
G2370,0.0
G2368,0.0
G2367,0.0
G2366,0.0
G2365,0.0
G2364,0.0
G2363,0.0
G2362,0.0
G2361,0.0
G2360,0.0
G2359,0.0
G2358,0.0
G2385,0.0
G2387,0.0
G2417,0.0
G2403,0.0
G2416,0.0
G2415,0.0
G2414,0.0
G2413,0.0
G2412,0.0
G2411,0.0
G2410,0.0
G2409,0.0
G2407,0.0
G2406,0.0
G2405,0.0
G2404,0.0
G2402,0.0
G2388,0.0
G2401,0.0
G2400,0.0
G2399,0.0
G2398,0.0
G2397,0.0
G2395,0.0
G2394,0.0
G2393,0.0
G2392,0.0
G2391,0.0
G2390,0.0
G2389,0.0
G2483,0.0
G2485,0.0
G2356,0.0
G2565,0.0
G2577,0.0
G2576,0.0
G2575,0.0
G2574,0.0
G2573,0.0
G2572,0.0
G2571,0.0
G2570,0.0
G2569,0.0
G2568,0.0
G2567,0.0
G2566,0.0
G2564,0.0
G2579,0.0
G2563,0.0
G2562,0.0
G2561,0.0
G2560,0.0
G2559,0.0
G2558,0.0
G2557,0.0
G2556,0.0
G2555,0.0
G2554,0.0
G2553,0.0
G2552,0.0
G2578,0.0
G2580,0.0
G2550,0.0
G2595,0.0
G2608,0.0
G2607,0.0
G2606,0.0
G2605,0.0
G2604,0.0
G2603,0.0
G2602,0.0
G2601,0.0
G2599,0.0
G2598,0.0
G2597,0.0
G2596,0.0
G2594,0.0
G2581,0.0
G2593,0.0
G2592,0.0
G2591,0.0
G2590,0.0
G2589,0.0
G2588,0.0
G2587,0.0
G2586,0.0
G2585,0.0
G2584,0.0
G2583,0.0
G2582,0.0
G2551,0.0
G2549,0.0
G2486,0.0
G2500,0.0
G2514,0.0
G2513,0.0
G2511,0.0
G2510,0.0
G2508,0.0
G2507,0.0
G2506,0.0
G2505,0.0
G2504,0.0
G2503,0.0
G2502,0.0
G2501,0.0
G2499,0.0
G2516,0.0
G2498,0.0
G2497,0.0
G2496,0.0
G2495,0.0
G2494,0.0
G2493,0.0
G2492,0.0
G2491,0.0
G2490,0.0
G2489,0.0
G2488,0.0
G2487,0.0
G2515,0.0
G2517,0.0
G2548,0.0
G2535,0.0
G2547,0.0
G2546,0.0
G2545,0.0
G2544,0.0
G2543,0.0
G2542,0.0
G2541,0.0
G2540,0.0
G2539,0.0
G2538,0.0
G2537,0.0
G2536,0.0
G2534,0.0
G2518,0.0
G2533,0.0
G2532,0.0
G2531,0.0
G2530,0.0
G2529,0.0
G2528,0.0
G2527,0.0
G2526,0.0
G2525,0.0
G2524,0.0
G2523,0.0
G2522,0.0
G2357,0.0
G2355,0.0
G2610,0.0
G2180,0.0
G2195,0.0
G2194,0.0
G2193,0.0
G2192,0.0
G2191,0.0
G2188,0.0
G2186,0.0
G2185,0.0
G2184,0.0
G2183,0.0
G2182,0.0
G2181,0.0
G2179,0.0
G2197,0.0
G2178,0.0
G2177,0.0
G2176,0.0
G2175,0.0
G2174,0.0
G2172,0.0
G2171,0.0
G2170,0.0
G2169,0.0
G2168,0.0
G2167,0.0
G2166,0.0
G2196,0.0
G2198,0.0
G2164,0.0
G2214,0.0
G2227,0.0
G2226,0.0
G2225,0.0
G2224,0.0
G2223,0.0
G2222,0.0
G2221,0.0
G2220,0.0
G2218,0.0
G2217,0.0
G2216,0.0
G2215,0.0
G2213,0.0
G2199,0.0
G2211,0.0
G2210,0.0
G2209,0.0
G2208,0.0
G2207,0.0
G2206,0.0
G2205,0.0
G2204,0.0
G2203,0.0
G2202,0.0
G2201,0.0
G2200,0.0
G2165,0.0
G2163,0.0
G2230,0.0
G2114,0.0
G2128,0.0
G2127,0.0
G2125,0.0
G2124,0.0
G2122,0.0
G2121,0.0
G2120,0.0
G2119,0.0
G2118,0.0
G2117,0.0
G2116,0.0
G2115,0.0
G2113,0.0
G2130,0.0
G2112,0.0
G2111,0.0
G2110,0.0
G2109,0.0
G2108,0.0
G2107,0.0
G2106,0.0
G2105,0.0
G2104,0.0
G2103,0.0
G2102,0.0
G2101,0.0
G2129,0.0
G2131,0.0
G2162,0.0
G2147,0.0
G2161,0.0
G2160,0.0
G2159,0.0
G2158,0.0
G2157,0.0
G2156,0.0
G2155,0.0
G2154,0.0
G2153,0.0
G2150,0.0
G2149,0.0
G2148,0.0
G2146,0.0
G2132,0.0
G2145,0.0
G2144,0.0
G2143,0.0
G2142,0.0
G2141,0.0
G2140,0.0
G2139,0.0
G2138,0.0
G2137,0.0
G2136,0.0
G2134,0.0
G2133,0.0
G2229,0.0
G2231,0.0
G2354,0.0
G2310,0.0
G2323,0.0
G2321,0.0
G2320,0.0
G2319,0.0
G2318,0.0
G2317,0.0
G2316,0.0
G2315,0.0
G2314,0.0
G2313,0.0
G2312,0.0
G2311,0.0
G2309,0.0
G2325,0.0
G2308,0.0
G2307,0.0
G2306,0.0
G2305,0.0
G2304,0.0
G2303,0.0
G2301,0.0
G2300,0.0
G2299,0.0
G2298,0.0
G2297,0.0
G2296,0.0
G2324,0.0
G2326,0.0
G2294,0.0
G2341,0.0
G2353,0.0
G2352,0.0
G2351,0.0
G2350,0.0
G2349,0.0
G2348,0.0
G2347,0.0
G2346,0.0
G2345,0.0
G2344,0.0
G2343,0.0
G2342,0.0
G2340,0.0
G2327,0.0
G2339,0.0
G2338,0.0
G2337,0.0
G2336,0.0
G2335,0.0
G2334,0.0
G2333,0.0
G2332,0.0
G2331,0.0
G2330,0.0
G2329,0.0
G2328,0.0
G2295,0.0
G2293,0.0
G2232,0.0
G2246,0.0
G2261,0.0
G2260,0.0
G2258,0.0
G2257,0.0
G2255,0.0
G2254,0.0
G2253,0.0
G2252,0.0
G2251,0.0
G2250,0.0
G2249,0.0
G2248,0.0
G2245,0.0
G2263,0.0
G2244,0.0
G2243,0.0
G2242,0.0
G2241,0.0
G2240,0.0
G2239,0.0
G2238,0.0
G2237,0.0
G2236,0.0
G2235,0.0
G2234,0.0
G2233,0.0
G2262,0.0
G2264,0.0
G2292,0.0
G2279,0.0
G2291,0.0
G2290,0.0
G2289,0.0
G2288,0.0
G2287,0.0
G2286,0.0
G2285,0.0
G2284,0.0
G2283,0.0
G2282,0.0
G2281,0.0
G2280,0.0
G2278,0.0
G2265,0.0
G2277,0.0
G2276,0.0
G2275,0.0
G2274,0.0
G2273,0.0
G2272,0.0
G2271,0.0
G2270,0.0
G2269,0.0
G2268,0.0
G2267,0.0
G2266,0.0
G2609,0.0
G2611,0.0
G3126,0.0
G2954,0.0
G2966,0.0
G2965,0.0
G2964,0.0
G2963,0.0
G2962,0.0
G2961,0.0
G2960,0.0
G2959,0.0
G2958,0.0
G2957,0.0
G2956,0.0
G2955,0.0
G2953,0.0
G2968,0.0
G2952,0.0
G2949,0.0
G2948,0.0
G2947,0.0
G2946,0.0
G2945,0.0
G2944,0.0
G2943,0.0
G2942,0.0
G2940,0.0
G2939,0.0
G2938,0.0
G2967,0.0
G2969,0.0
G2935,0.0
G2984,0.0
G2997,0.0
G2996,0.0
G2995,0.0
G2993,0.0
G2992,0.0
G2991,0.0
G2990,0.0
G2989,0.0
G2988,0.0
G2987,0.0
G2986,0.0
G2985,0.0
G2983,0.0
G2970,0.0
G2982,0.0
G2981,0.0
G2980,0.0
G2979,0.0
G2978,0.0
G2977,0.0
G2976,0.0
G2975,0.0
G2974,0.0
G2973,0.0
G2972,0.0
G2971,0.0
G2937,0.0
G2934,0.0
G3000,0.0
G2886,0.0
G2899,0.0
G2898,0.0
G2896,0.0
G2895,0.0
G2894,0.0
G2893,0.0
G2892,0.0
G2891,0.0
G2890,0.0
G2889,0.0
G2888,0.0
G2887,0.0
G2885,0.0
G2901,0.0
G2884,0.0
G2883,0.0
G2882,0.0
G2881,0.0
G2880,0.0
G2879,0.0
G2878,0.0
G2877,0.0
G2876,0.0
G2875,0.0
G2873,0.0
G2872,0.0
G2900,0.0
G2902,0.0
G2933,0.0
G2918,0.0
G2932,0.0
G2931,0.0
G2930,0.0
G2929,0.0
G2928,0.0
G2926,0.0
G2925,0.0
G2924,0.0
G2923,0.0
G2922,0.0
G2921,0.0
G2920,0.0
G2917,0.0
G2903,0.0
G2916,0.0
G2915,0.0
G2913,0.0
G2912,0.0
G2911,0.0
G2910,0.0
G2909,0.0
G2908,0.0
G2907,0.0
G2906,0.0
G2905,0.0
G2904,0.0
G2999,0.0
G3001,0.0
G2870,0.0
G3079,0.0
G3092,0.0
G3091,0.0
G3090,0.0
G3089,0.0
G3088,0.0
G3087,0.0
G3086,0.0
G3084,0.0
G3083,0.0
G3082,0.0
G3081,0.0
G3080,0.0
G3078,0.0
G3094,0.0
G3077,0.0
G3076,0.0
G3075,0.0
G3074,0.0
G3073,0.0
G3072,0.0
G3071,0.0
G3070,0.0
G3069,0.0
G3068,0.0
G3067,0.0
G3066,0.0
G3093,0.0
G3095,0.0
G3064,0.0
G3112,0.0
G3125,0.0
G3123,0.0
G3122,0.0
G3121,0.0
G3120,0.0
G3119,0.0
G3118,0.0
G3117,0.0
G3116,0.0
G3115,0.0
G3114,0.0
G3113,0.0
G3111,0.0
G3097,0.0
G3110,0.0
G3109,0.0
G3108,0.0
G3107,0.0
G3106,0.0
G3105,0.0
G3104,0.0
G3103,0.0
G3102,0.0
G3100,0.0
G3099,0.0
G3098,0.0
G3065,0.0
G3063,0.0
G3002,0.0
G3018,0.0
G3030,0.0
G3029,0.0
G3028,0.0
G3027,0.0
G3026,0.0
G3025,0.0
G3024,0.0
G3023,0.0
G3022,0.0
G3021,0.0
G3020,0.0
G3019,0.0
G3017,0.0
G3032,0.0
G3015,0.0
G3014,0.0
G3013,0.0
G3012,0.0
G3011,0.0
G3010,0.0
G3009,0.0
G3008,0.0
G3007,0.0
G3005,0.0
G3004,0.0
G3003,0.0
G3031,0.0
G3033,0.0
G3062,0.0
G3048,0.0
G3061,0.0
G3060,0.0
G3059,0.0
G3058,0.0
G3057,0.0
G3056,0.0
G3055,0.0
G3054,0.0
G3053,0.0
G3052,0.0
G3051,0.0
G3050,0.0
G3047,0.0
G3034,0.0
G3046,0.0
G3045,0.0
G3044,0.0
G3043,0.0
G3042,0.0
G3041,0.0
G3040,0.0
G3039,0.0
G3038,0.0
G3037,0.0
G3036,0.0
G3035,0.0
G2871,0.0
G2869,0.0
G2612,0.0
G2691,0.0
G2705,0.0
G2704,0.0
G2703,0.0
G2702,0.0
G2701,0.0
G2700,0.0
G2699,0.0
G2697,0.0
G2696,0.0
G2695,0.0
G2694,0.0
G2692,0.0
G2688,0.0
G2708,0.0
G2687,0.0
G2686,0.0
G2685,0.0
G2684,0.0
G2683,0.0
G2682,0.0
G2681,0.0
G2680,0.0
G2679,0.0
G2678,0.0
G2677,0.0
G2676,0.0
G2707,0.0
G2709,0.0
G2674,0.0
G2725,0.0
G2738,0.0
G2736,0.0
G2735,0.0
G2734,0.0
G2733,0.0
G2732,0.0
G2731,0.0
G2730,0.0
G2729,0.0
G2728,0.0
G2727,0.0
G2726,0.0
G2724,0.0
G2710,0.0
G2723,0.0
G2722,0.0
G2721,0.0
G2720,0.0
G2719,0.0
G2718,0.0
G2717,0.0
G2716,0.0
G2714,0.0
G2713,0.0
G2712,0.0
G2711,0.0
G2675,0.0
G2673,0.0
G2740,0.0
G2626,0.0
G2638,0.0
G2637,0.0
G2636,0.0
G2635,0.0
G2634,0.0
G2633,0.0
G2632,0.0
G2631,0.0
G2630,0.0
G2629,0.0
G2628,0.0
G2627,0.0
G2625,0.0
G2641,0.0
G2624,0.0
G2623,0.0
G2622,0.0
G2621,0.0
G2620,0.0
G2619,0.0
G2618,0.0
G2617,0.0
G2616,0.0
G2615,0.0
G2614,0.0
G2613,0.0
G2640,0.0
G2642,0.0
G2672,0.0
G2659,0.0
G2671,0.0
G2670,0.0
G2669,0.0
G2668,0.0
G2667,0.0
G2666,0.0
G2665,0.0
G2664,0.0
G2663,0.0
G2662,0.0
G2661,0.0
G2660,0.0
G2658,0.0
G2643,0.0
G2657,0.0
G2656,0.0
G2655,0.0
G2654,0.0
G2653,0.0
G2652,0.0
G2650,0.0
G2649,0.0
G2648,0.0
G2647,0.0
G2645,0.0
G2644,0.0
G2739,0.0
G2741,0.0
G2868,0.0
G2823,0.0
G2835,0.0
G2834,0.0
G2833,0.0
G2832,0.0
G2831,0.0
G2830,0.0
G2829,0.0
G2828,0.0
G2827,0.0
G2826,0.0
G2825,0.0
G2824,0.0
G2822,0.0
G2837,0.0
G2821,0.0
G2820,0.0
G2819,0.0
G2818,0.0
G2817,0.0
G2816,0.0
G2815,0.0
G2814,0.0
G2813,0.0
G2812,0.0
G2811,0.0
G2810,0.0
G2836,0.0
G2838,0.0
G2807,0.0
G2855,0.0
G2867,0.0
G2866,0.0
G2865,0.0
G2864,0.0
G2863,0.0
G2862,0.0
G2861,0.0
G2860,0.0
G2859,0.0
G2858,0.0
G2857,0.0
G2856,0.0
G2854,0.0
G2839,0.0
G2853,0.0
G2852,0.0
G2851,0.0
G2850,0.0
G2849,0.0
G2848,0.0
G2846,0.0
G2845,0.0
G2844,0.0
G2843,0.0
G2842,0.0
G2841,0.0
G2809,0.0
G2806,0.0
G2742,0.0
G2758,0.0
G2770,0.0
G2769,0.0
G2768,0.0
G2767,0.0
G2766,0.0
G2765,0.0
G2764,0.0
G2763,0.0
G2762,0.0
G2761,0.0
G2760,0.0
G2759,0.0
G2757,0.0
G2772,0.0
G2756,0.0
G2755,0.0
G2754,0.0
G2753,0.0
G2752,0.0
G2751,0.0
G2750,0.0
G2749,0.0
G2748,0.0
G2747,0.0
G2744,0.0
G2743,0.0
G2771,0.0
G2773,0.0
G2805,0.0
G2789,0.0
G2804,0.0
G2802,0.0
G2801,0.0
G2800,0.0
G2798,0.0
G2797,0.0
G2796,0.0
G2795,0.0
G2794,0.0
G2792,0.0
G2791,0.0
G2790,0.0
G2788,0.0
G2774,0.0
G2787,0.0
G2786,0.0
G2785,0.0
G2784,0.0
G2783,0.0
G2782,0.0
G2781,0.0
G2780,0.0
G2779,0.0
G2778,0.0
G2777,0.0
G2775,0.0
G7999,0.0
